Packet number,Element 1, Element 2, Element 3, Element 4
2,0.2885789,0.2128821,-0.8973078,0.2573754
6,0.2885767,0.2128804,-0.8973008,0.257404
10,0.2884579,0.2129138,-0.897251,0.2576829
15,0.2884533,0.2129104,-0.8972368,0.2577401
19,0.2884889,0.2128834,-0.8972217,0.2577752
23,0.2884866,0.2128818,-0.8972146,0.2578037
27,0.2885147,0.2128799,-0.8972067,0.2578015
31,0.2885166,0.2128507,-0.8972126,0.2578031
35,0.2885424,0.2128471,-0.8971975,0.2578295
39,0.2885466,0.2128195,-0.8972104,0.2578025
43,0.2885746,0.2128177,-0.8972025,0.2578003
47,0.2885769,0.2128193,-0.8972096,0.2577717
51,0.2885792,0.212821,-0.8972167,0.2577431
55,0.2886095,0.2128208,-0.8972158,0.2577122
59,0.2885837,0.2128244,-0.8972309,0.2576859
63,0.2885762,0.2128495,-0.8972381,0.2576486
67,0.2885743,0.2128787,-0.8972322,0.2576469
71,0.2885804,0.2129138,-0.8972204,0.2576523
75,0.2885808,0.2129447,-0.8972216,0.257622
79,0.2885527,0.2129466,-0.8972296,0.2576243
83,0.2885789,0.2129739,-0.8972158,0.2576203
87,0.2885789,0.2129739,-0.8972158,0.2576203
91,0.288577,0.2130031,-0.8972099,0.2576187
95,0.288577,0.2130031,-0.8972099,0.2576187
99,0.2885747,0.2130015,-0.8972028,0.2576472
103,0.2885747,0.2130015,-0.8972028,0.2576472
107,0.2885766,0.2129722,-0.8972087,0.2576489
111,0.2885766,0.2129722,-0.8972087,0.2576489
115,0.2885766,0.2129722,-0.8972087,0.2576489
119,0.2885807,0.2129446,-0.8971601,0.2578363
124,0.2885784,0.2129429,-0.897153,0.2578649
128,0.2885761,0.2129413,-0.8971459,0.2578935
132,0.2885738,0.2129396,-0.8971388,0.2579221
136,0.2886117,0.2129143,-0.8971308,0.2579286
140,0.2886117,0.2129143,-0.8971308,0.2579286
144,0.2886117,0.2129143,-0.8971308,0.2579286
148,0.2886117,0.2129143,-0.8971308,0.2579286
152,0.2886117,0.2129143,-0.8971308,0.2579286
156,0.2886398,0.2129124,-0.8971229,0.2579263
160,0.2886421,0.2129141,-0.89713,0.2578977
164,0.2886421,0.2129141,-0.89713,0.2578977
168,0.2886398,0.2129124,-0.8971229,0.2579263
172,0.2886379,0.2129417,-0.897117,0.2579246
176,0.2886098,0.2129435,-0.8971249,0.2579269
180,0.2886098,0.2129435,-0.8971249,0.2579269
184,0.2885776,0.212973,-0.8971199,0.2579561
188,0.2885776,0.212973,-0.8971199,0.2579561
192,0.2885753,0.2129713,-0.8971128,0.2579846
196,0.2885753,0.2129713,-0.8971128,0.2579846
200,0.2885791,0.2130047,-0.8970939,0.2580186
204,0.2885791,0.2130047,-0.8970939,0.2580186
208,0.288551,0.2130066,-0.8971019,0.2580209
212,0.2885431,0.2130007,-0.8971078,0.2580138
216,0.2885529,0.2129773,-0.8971077,0.2580226
220,0.288581,0.2129755,-0.8970998,0.2580203
224,0.2885506,0.2129757,-0.8971006,0.2580512
228,0.2884584,0.2129754,-0.8970687,0.2582652
233,0.2884561,0.2129737,-0.8970617,0.2582937
237,0.2884515,0.2129703,-0.8970475,0.2583509
241,0.2884572,0.2129745,-0.8970344,0.2583866
245,0.2884249,0.2130039,-0.8970294,0.2584158
249,0.2884249,0.2130039,-0.8970294,0.2584158
253,0.2884249,0.2130039,-0.8970294,0.2584158
257,0.2884253,0.2130348,-0.8970307,0.2583855
261,0.2884534,0.2130329,-0.8970227,0.2583832
265,0.2884534,0.2130329,-0.8970227,0.2583832
269,0.2884838,0.2130328,-0.8970219,0.2583523
273,0.2884838,0.2130328,-0.8970219,0.2583523
277,0.2884838,0.2130328,-0.8970219,0.2583523
281,0.2884838,0.2130328,-0.8970219,0.2583523
285,0.2884557,0.2130346,-0.8970298,0.2583546
289,0.2884515,0.2130622,-0.8970168,0.2583815
293,0.2884515,0.2130622,-0.8970168,0.2583815
297,0.2884212,0.2130624,-0.8970177,0.2584124
301,0.2884268,0.2130665,-0.8970045,0.258448
305,0.2883968,0.2130976,-0.8970067,0.2584487
309,0.2883968,0.2130976,-0.8970067,0.2584487
313,0.2883665,0.2130978,-0.8970075,0.2584795
317,0.2883623,0.2131254,-0.8969945,0.2585064
321,0.2883623,0.2131254,-0.8969945,0.2585064
325,0.28836,0.2131237,-0.8969874,0.258535
329,0.2883297,0.2131239,-0.8969883,0.2585658
333,0.2883376,0.2131297,-0.8969823,0.2585729
337,0.2883334,0.2131573,-0.8969693,0.2585998
342,0.2883334,0.2131573,-0.8969693,0.2585998
346,0.2883012,0.2131867,-0.8969643,0.258629
350,0.2883012,0.2131867,-0.8969643,0.258629
354,0.288305,0.2132201,-0.8969453,0.258663
358,0.2882746,0.2132203,-0.8969461,0.2586938
362,0.2882704,0.2132479,-0.8969332,0.2587207
366,0.2882704,0.2132479,-0.8969332,0.2587207
370,0.2882401,0.213248,-0.896934,0.2587516
374,0.2882359,0.2132756,-0.896921,0.2587785
378,0.2882078,0.2132775,-0.896929,0.2587807
382,0.2881835,0.2133127,-0.8969179,0.258817
386,0.2881531,0.2133129,-0.8969187,0.2588479
390,0.2881209,0.2133424,-0.8969136,0.258877
394,0.2881167,0.2133699,-0.8969007,0.2589039
398,0.2880864,0.2133701,-0.8969015,0.2589348
402,0.288062,0.2134054,-0.8968905,0.258971
406,0.2880275,0.2134331,-0.8968783,0.2590288
410,0.2879671,0.2134644,-0.8968811,0.2590602
414,0.2879368,0.2134646,-0.8968819,0.259091
418,0.2879326,0.2134921,-0.8968689,0.2591179
422,0.2879083,0.2135274,-0.8968579,0.2591542
426,0.2878756,0.2135259,-0.8968515,0.2592136
430,0.2878715,0.2135534,-0.8968385,0.2592405
434,0.287849,0.2135594,-0.8968334,0.2592784
438,0.2878425,0.2135853,-0.8968132,0.2593339
442,0.2878121,0.2135855,-0.896814,0.2593647
446,0.2875714,0.2137723,-0.8967659,0.2596441
451,0.2875369,0.2138,-0.8967537,0.2597018
455,0.2874742,0.2138296,-0.8967493,0.2597618
459,0.2874116,0.2138592,-0.896745,0.2598218
463,0.2873568,0.2138947,-0.8967345,0.2598889
467,0.2872942,0.2139242,-0.8967302,0.2599489
471,0.2872297,0.213983,-0.89672,0.2600071
475,0.2872007,0.2140149,-0.8966945,0.2601005
479,0.287138,0.2140445,-0.8966901,0.2601605
483,0.287081,0.2140782,-0.8966726,0.2602561
487,0.2870165,0.214137,-0.8966623,0.2603144
491,0.2869515,0.2141649,-0.8966507,0.2604029
495,0.2868967,0.2142003,-0.8966403,0.26047
499,0.2868318,0.2142282,-0.8966287,0.2605585
503,0.2868009,0.2142892,-0.8965974,0.2606502
507,0.2867416,0.2143212,-0.8965726,0.2607743
511,0.2866803,0.2143825,-0.8965419,0.2608968
515,0.2866186,0.2144128,-0.8965099,0.2610495
519,0.2865551,0.2144723,-0.896472,0.2612005
523,0.2864652,0.2145044,-0.8964478,0.2613555
527,0.2863713,0.2145641,-0.8964106,0.2615373
531,0.2862847,0.2145987,-0.896366,0.2617565
535,0.2861921,0.2145982,-0.8963333,0.2619703
539,0.2861231,0.2145923,-0.8962782,0.2622387
543,0.2860361,0.2145959,-0.8962321,0.2624881
547,0.2859767,0.2145668,-0.8961768,0.2627654
551,0.2859173,0.2145375,-0.8961214,0.2630427
555,0.2855799,0.2144146,-0.8958439,0.2644508
560,0.2854872,0.2144139,-0.8958105,0.2646643
564,0.2853972,0.214446,-0.8957858,0.2648192
568,0.285297,0.2144704,-0.8957598,0.2649952
572,0.2852047,0.2145006,-0.8957277,0.2651785
576,0.2850838,0.2145018,-0.895702,0.2653943
580,0.2849329,0.2145341,-0.8956782,0.2656107
584,0.28478,0.2145955,-0.8956484,0.2658253
588,0.2846307,0.2146903,-0.8955993,0.2660739
592,0.2844755,0.2147499,-0.8955621,0.2663169
596,0.2843203,0.2148096,-0.8955247,0.2665599
600,0.2842005,0.2148423,-0.8954722,0.266838
604,0.2841089,0.2148731,-0.8954116,0.2671138
608,0.2840473,0.2148727,-0.8953491,0.267389
612,0.2840137,0.2148706,-0.8952787,0.2676619
616,0.2840126,0.214839,-0.8952137,0.2679057
620,0.2840418,0.2148074,-0.8951482,0.2681188
624,0.2841412,0.2147212,-0.8950801,0.2683097
628,0.2842329,0.2146292,-0.8950181,0.2684932
632,0.2843509,0.2144727,-0.8949734,0.2686421
636,0.2845348,0.2142892,-0.8949129,0.2687954
640,0.284748,0.2140739,-0.8948786,0.2688555
644,0.2850276,0.2138625,-0.8948298,0.2688899
648,0.2852407,0.2136473,-0.8947952,0.26895
652,0.2854214,0.2134613,-0.8947552,0.269039
656,0.2855154,0.2132791,-0.8947312,0.2691635
660,0.2854877,0.2131588,-0.8947403,0.2692581
664,0.2851511,0.2139246,-0.8946187,0.2694114
669,0.2852395,0.2142282,-0.8945465,0.2693163
673,0.2853619,0.2145649,-0.8944544,0.2692243
677,0.2855147,0.2149016,-0.8943617,0.2691016
681,0.2857004,0.2152399,-0.8942758,0.2689197
685,0.285881,0.2156049,-0.8942047,0.2686718
689,0.2861247,0.2159715,-0.8941398,0.2683338
693,0.2863727,0.2163106,-0.8940878,0.2679691
697,0.2866216,0.2166198,-0.8940696,0.2675135
701,0.2868,0.2168608,-0.8940836,0.2670799
705,0.2866452,0.2170738,-0.8942008,0.2666802
709,0.2860361,0.21726,-0.8944866,0.2662239
713,0.2853049,0.2175078,-0.8948045,0.2657374
717,0.2847492,0.2176882,-0.8950661,0.2653046
721,0.2845072,0.217721,-0.8951977,0.2650929
725,0.2844714,0.2176252,-0.8952429,0.2650575
729,0.2847174,0.2172891,-0.895246,0.2650585
733,0.2851798,0.2168628,-0.8952557,0.2648776
737,0.2858262,0.2163754,-0.8952662,0.2645439
741,0.2865918,0.2158855,-0.8952663,0.2641152
745,0.2873834,0.2153309,-0.8952827,0.2636517
749,0.2882687,0.214747,-0.8952742,0.2631899
753,0.2891863,0.2141951,-0.8952098,0.2628521
757,0.2900792,0.2136781,-0.895133,0.2625503
761,0.2909372,0.2131886,-0.8950429,0.2623059
765,0.2917289,0.212726,-0.8949682,0.2620569
769,0.292471,0.2123331,-0.8948981,0.2617877
773,0.2946392,0.2123595,-0.8945127,0.2606495
778,0.2946714,0.2126056,-0.8944255,0.2607121
782,0.2946708,0.2128501,-0.8943319,0.260834
786,0.2946067,0.2131236,-0.8942618,0.2609233
790,0.2943636,0.2135231,-0.8942371,0.2609557
794,0.2940277,0.2139524,-0.8942091,0.2610789
798,0.2936012,0.2143521,-0.8941545,0.2614177
802,0.2931382,0.2146557,-0.8940822,0.261935
806,0.2926799,0.2149014,-0.8939934,0.2625484
810,0.292221,0.215116,-0.8939027,0.2631918
814,0.2917637,0.2153013,-0.8938174,0.2638367
818,0.291269,0.2153896,-0.8937414,0.2645673
822,0.2907475,0.2154196,-0.8936774,0.265332
826,0.2901731,0.2153638,-0.8936388,0.2661349
830,0.2895601,0.2152103,-0.8936372,0.2669306
834,0.2889488,0.2150274,-0.8936406,0.2677278
838,0.2883635,0.2147798,-0.8936605,0.2684901
842,0.2878439,0.214505,-0.8936635,0.2692565
846,0.2873265,0.2141399,-0.8937041,0.2699639
850,0.2868616,0.2137376,-0.8937477,0.2706322
854,0.2863706,0.2133387,-0.8938057,0.2712743
858,0.285877,0.212938,-0.8938556,0.2719445
862,0.2853012,0.2125444,-0.8939357,0.2725933
866,0.2846569,0.2121759,-0.8940234,0.2732657
870,0.2838935,0.2118713,-0.8941221,0.2739721
874,0.2830375,0.2115662,-0.8942492,0.2746778
878,0.2820829,0.2113172,-0.8943853,0.2754075
882,0.2748907,0.2093909,-0.895898,0.2792083
887,0.2734541,0.2088724,-0.8963049,0.279701
891,0.2719527,0.2082593,-0.8967612,0.2801594
895,0.2703569,0.2076135,-0.89727,0.2805538
899,0.2686732,0.2069096,-0.8978229,0.2809218
903,0.2669277,0.206144,-0.8984045,0.2812892
907,0.265152,0.2053481,-0.8989876,0.2816877
911,0.2632864,0.2045231,-0.8996077,0.2820576
915,0.2613887,0.203697,-0.9002231,0.2824566
919,0.2594589,0.2028698,-0.9008336,0.2828847
923,0.2575279,0.2020415,-0.9014395,0.2833113
927,0.2555043,0.2011821,-0.9020735,0.2837372
931,0.2534205,0.2003541,-0.902711,0.2841641
935,0.2512514,0.1995313,-0.903372,0.2845679
939,0.2490436,0.1987327,-0.9040349,0.2849625
943,0.2468387,0.1979364,-0.9047078,0.2852991
947,0.2446647,0.1971097,-0.905382,0.2856055
951,0.2425238,0.1962544,-0.9060652,0.2858535
955,0.2404124,0.1953982,-0.9067445,0.2860696
959,0.2383577,0.1944771,-0.9074375,0.2862191
963,0.2362764,0.1935286,-0.9081453,0.2863427
967,0.234255,0.1925484,-0.9088482,0.2864342
971,0.2321744,0.1915699,-0.909559,0.2865281
975,0.2300584,0.1905568,-0.9102815,0.2866161
979,0.2279157,0.1895163,-0.910989,0.2867701
983,0.2256804,0.1884753,-0.9116936,0.2869846
987,0.2233531,0.1874647,-0.9123977,0.2872295
991,0.207737,0.1824435,-0.9161373,0.2902622
996,0.2048562,0.1818597,-0.9167086,0.2908714
1000,0.2019202,0.1813423,-0.917276,0.2914583
1004,0.1989502,0.1808833,-0.9178594,0.2919488
1008,0.1959779,0.1804834,-0.9184321,0.2924052
1012,0.1930052,0.1801443,-0.9190024,0.2927996
1016,0.1901001,0.1798724,-0.919542,0.2931731
1020,0.1872209,0.1795961,-0.9200892,0.2934781
1024,0.1843718,0.1792887,-0.9206956,0.293568
1028,0.1815533,0.1789505,-0.9213318,0.2935352
1032,0.1787075,0.1786463,-0.921985,0.2934159
1036,0.1758619,0.1783423,-0.922609,0.2933584
1040,0.1730423,0.178003,-0.9232088,0.2933544
1044,0.1702238,0.1776342,-0.9238141,0.2933215
1048,0.1674981,0.177205,-0.9244239,0.2932288
1052,0.1648064,0.1767488,-0.9250224,0.2931422
1056,0.1621417,0.1762277,-0.9256316,0.2930187
1060,0.1594781,0.175677,-0.926247,0.2928665
1064,0.1568454,0.1750961,-0.926864,0.2926842
1068,0.1542115,0.1744526,-0.9275046,0.2924385
1072,0.151607,0.1737769,-0.9281678,0.2920983
1076,0.1490954,0.1730413,-0.9288374,0.291699
1080,0.1466773,0.1722769,-0.9295174,0.291211
1084,0.1443173,0.1714782,-0.9302081,0.2906556
1088,0.1420204,0.1706205,-0.9309104,0.2900425
1092,0.139697,0.169737,-0.9316399,0.2893461
1096,0.1373978,0.1688153,-0.9323881,0.2885752
1100,0.1232826,0.1627844,-0.9369903,0.2834641
1105,0.1209566,0.1616531,-0.9377655,0.2825484
1109,0.1187191,0.1605173,-0.9385149,0.2816555
1113,0.1166064,0.1594763,-0.9391589,0.2809821
1117,0.1144643,0.1585291,-0.9396914,0.2806182
1121,0.1121356,0.157486,-0.9402307,0.2803391
1125,0.1096561,0.1563847,-0.9407883,0.2800654
1129,0.1070509,0.1552789,-0.9413188,0.2799062
1133,0.1043893,0.1542108,-0.9418004,0.2798821
1137,0.1016945,0.1531696,-0.9422286,0.2800045
1141,0.09890737,0.1521887,-0.942621,0.2802171
1145,0.0960286,0.1512695,-0.9429849,0.2804917
1149,0.09318175,0.1505055,-0.9433007,0.2808008
1153,0.09027171,0.1497996,-0.9435965,0.2811345
1157,0.08736221,0.1490332,-0.9439282,0.2813473
1161,0.08448394,0.1482373,-0.9442972,0.281409
1165,0.0817278,0.1473795,-0.9446924,0.2813469
1169,0.07906409,0.1464615,-0.9451252,0.2811338
1173,0.07652296,0.1454518,-0.9455898,0.2807985
1177,0.07407245,0.1443479,-0.9461003,0.2803056
1181,0.07174607,0.1432166,-0.9466317,0.2796964
1185,0.06951091,0.1420227,-0.9471857,0.2789929
1189,0.06739805,0.1407979,-0.9477373,0.2782581
1193,0.06537816,0.1394836,-0.9483049,0.2774667
1197,0.06344824,0.1381347,-0.9488757,0.2766368
1201,0.06167227,0.1367875,-0.9494284,0.2758104
1205,0.0598349,0.1354706,-0.949948,0.2750752
1209,0.04868804,0.1275688,-0.9526626,0.2716425
1214,0.04685063,0.1263742,-0.9530275,0.2712437
1218,0.04504378,0.1252407,-0.9533603,0.2709057
1222,0.04326772,0.1241995,-0.9536658,0.2705993
1226,0.04155332,0.1231901,-0.9539503,0.2703263
1230,0.03999165,0.1222716,-0.9541959,0.2701121
1234,0.03861319,0.1214126,-0.954398,0.2699861
1238,0.03729738,0.1205581,-0.9545741,0.2699314
1242,0.0361025,0.1196374,-0.9547718,0.2698042
1246,0.0350312,0.1186896,-0.9549982,0.2695626
1250,0.03408136,0.1176465,-0.9552579,0.2692213
1254,0.03328523,0.1165749,-0.9555035,0.2689153
1258,0.03258092,0.1154724,-0.9557478,0.2686089
1262,0.03202987,0.1143399,-0.9559968,0.2682732
1266,0.03157054,0.1132069,-0.9562414,0.2679362
1270,0.03126492,0.1121067,-0.9564739,0.2676045
1274,0.03108118,0.110943,-0.9567184,0.2672369
1278,0.03101934,0.1097772,-0.9569759,0.2668031
1282,0.03111174,0.1086461,-0.9572371,0.2663177
1286,0.03135669,0.1075436,-0.9574814,0.2658582
1290,0.03169347,0.1065329,-0.9576938,0.2654596
1294,0.03209112,0.105521,-0.9578953,0.2650886
1298,0.0325809,0.1045406,-0.9581052,0.2646586
1302,0.0331015,0.1035608,-0.9583204,0.2641996
1306,0.03374506,0.1026438,-0.9584883,0.2638668
1310,0.03444928,0.1017861,-0.9586391,0.2635599
1314,0.03527574,0.1009891,-0.9587529,0.2633432
1318,0.03983882,0.0975607,-0.9587345,0.2640508
1323,0.04063429,0.09728344,-0.9585955,0.2645362
1327,0.04143132,0.09704053,-0.9584322,0.2650931
1331,0.04234912,0.09685484,-0.9582597,0.2656389
1335,0.04339075,0.09679476,-0.9580568,0.2662239
1339,0.04440161,0.09682614,-0.9578193,0.2668996
1343,0.04550313,0.09685491,-0.9575867,0.2675376
1347,0.04672828,0.09688615,-0.9573784,0.2680598
1351,0.04813643,0.09691591,-0.9571862,0.2684861
1355,0.04976002,0.09700908,-0.9570153,0.2687654
1359,0.05162736,0.09709986,-0.9568822,0.2688542
1363,0.05377176,0.097224,-0.956776,0.2687669
1367,0.05619095,0.09737723,-0.9567159,0.2684304
1371,0.05885442,0.09755994,-0.9566753,0.2679377
1375,0.06185517,0.09774343,-0.956673,0.2672021
1379,0.06500903,0.09792693,-0.9567014,0.2662829
1383,0.06840873,0.09811172,-0.9567423,0.265214
1387,0.07199059,0.09829425,-0.9567919,0.2640165
1391,0.07566651,0.09841851,-0.9568399,0.2627658
1395,0.07940158,0.09854002,-0.956861,0.2615383
1399,0.08310711,0.09866289,-0.9568341,0.260437
1403,0.08674962,0.09884496,-0.9567261,0.2595752
1407,0.09033387,0.09906104,-0.9565285,0.2589979
1411,0.09385476,0.099336,-0.9562774,0.2585676
1415,0.09722183,0.09973276,-0.9559585,0.2583498
1419,0.1005014,0.1002258,-0.9555904,0.258266
1423,0.1036546,0.100868,-0.9551533,0.2583863
1427,0.1219956,0.1071749,-0.9518965,0.2598531
1432,0.1253941,0.1086442,-0.9512801,0.2598826
1436,0.1291015,0.1101772,-0.9506231,0.2598259
1440,0.1331097,0.1117362,-0.9499568,0.2595746
1444,0.1373972,0.1133596,-0.9492872,0.2590858
1448,0.1419002,0.1150145,-0.9486249,0.258354
1452,0.1465877,0.11667,-0.9479667,0.2574089
1456,0.1514229,0.1183517,-0.9472733,0.256393
1460,0.1563246,0.1199765,-0.9465525,0.2553557
1464,0.1612499,0.1215652,-0.9457892,0.2543682
1468,0.1660594,0.1230977,-0.9450042,0.2534526
1472,0.1707771,0.1246302,-0.9441582,0.2527207
1476,0.1754027,0.1261319,-0.9432489,0.2522026
1480,0.1798995,0.1276291,-0.9422755,0.2519206
1484,0.184283,0.1291022,-0.9412581,0.2518045
1488,0.1885389,0.1306023,-0.9401834,0.2518955
1492,0.1926062,0.1320991,-0.9390854,0.2521335
1496,0.1964644,0.1335995,-0.9379827,0.2524702
1500,0.2001393,0.1351614,-0.9368823,0.2528382
1504,0.2036663,0.1367574,-0.9358055,0.2531513
1508,0.2070957,0.1384415,-0.9347633,0.2533041
1512,0.2104318,0.1402164,-0.9337453,0.2533327
1516,0.2136802,0.1421779,-0.9327762,0.2530907
1520,0.2169244,0.1441978,-0.9318501,0.2525987
1524,0.2201093,0.1462802,-0.9309937,0.2518028
1528,0.223352,0.1484522,-0.930184,0.2506662
1532,0.2266004,0.1506587,-0.9294292,0.2492298
1536,0.2477865,0.1625372,-0.9253104,0.2366098
1541,0.2514336,0.1638865,-0.9246177,0.2345304
1545,0.2550432,0.1650172,-0.9238696,0.2327817
1549,0.2585706,0.1658784,-0.923064,0.2314703
1553,0.2619666,0.1664889,-0.922196,0.2306715
1557,0.2651535,0.1669496,-0.9212852,0.2303366
1561,0.268091,0.1672851,-0.920359,0.2303959
1565,0.2707546,0.167591,-0.9194388,0.2307324
1569,0.2731724,0.1679271,-0.9185159,0.2313132
1573,0.2753229,0.1683294,-0.9175897,0.2321458
1577,0.2773066,0.1687235,-0.9166492,0.2332119
1581,0.2790877,0.1690633,-0.9157163,0.2345023
1585,0.2807718,0.1694613,-0.9147972,0.2357883
1589,0.2822723,0.1700126,-0.91394,0.2369213
1593,0.2837679,0.1708058,-0.9130671,0.2379278
1597,0.2851808,0.1717576,-0.9122232,0.2387887
1601,0.2865231,0.1727039,-0.9114722,0.2393663
1605,0.2878127,0.1736246,-0.9108096,0.2396754
1609,0.2893115,0.174481,-0.9101308,0.2398272
1613,0.2910306,0.1752185,-0.9094399,0.2398307
1617,0.2930137,0.1758266,-0.9087436,0.2396104
1621,0.2951955,0.1763517,-0.9080628,0.2391267
1625,0.2975472,0.1768074,-0.907401,0.2383868
1629,0.30003,0.1771457,-0.9067656,0.2374396
1633,0.3025377,0.1774194,-0.9061434,0.2364265
1637,0.3050842,0.177606,-0.905515,0.2354198
1641,0.3075951,0.1777284,-0.9048716,0.2345317
1645,0.3197542,0.177546,-0.9008973,0.2337066
1650,0.3209154,0.1775446,-0.900278,0.234501
1654,0.3219527,0.1775731,-0.8996548,0.2354474
1658,0.3229052,0.1776361,-0.8990512,0.236399
1662,0.3237659,0.1777298,-0.898448,0.2374426
1666,0.3244687,0.1778208,-0.8978927,0.2385133
1670,0.3250154,0.1778797,-0.8973905,0.2396124
1674,0.3254807,0.1778523,-0.8969474,0.2406579
1678,0.3258717,0.1778484,-0.8965606,0.2415713
1682,0.3262393,0.1779404,-0.8961937,0.2423676
1686,0.3266123,0.1780353,-0.8958719,0.2429841
1690,0.3270674,0.1780636,-0.8955847,0.2434097
1694,0.3275928,0.1780356,-0.8953223,0.2436889
1698,0.3281687,0.1779712,-0.895092,0.243807
1702,0.3286926,0.177881,-0.8949171,0.2438094
1706,0.3290957,0.1777613,-0.8948084,0.2437519
1710,0.3294296,0.1776066,-0.8947085,0.2437803
1714,0.3296753,0.1773926,-0.8946185,0.243934
1718,0.3298577,0.1770857,-0.8945538,0.2441474
1722,0.3298536,0.1767466,-0.8945732,0.244328
1726,0.3297022,0.1764107,-0.8946698,0.2444212
1730,0.3294567,0.176043,-0.8947909,0.2445739
1734,0.3291852,0.1755552,-0.8948937,0.2449138
1738,0.3288133,0.1748792,-0.8950043,0.2454923
1742,0.3283839,0.1739908,-0.8951249,0.2462573
1746,0.3278941,0.1729497,-0.8952783,0.2470842
1750,0.3273467,0.1718187,-0.8954417,0.2480057
1754,0.3228685,0.1634246,-0.8975953,0.2517358
1759,0.3218336,0.1618967,-0.8982251,0.2518019
1763,0.3206079,0.160304,-0.8989576,0.2517706
1767,0.3191077,0.1587424,-0.8997852,0.2517096
1771,0.3173293,0.1571795,-0.9006972,0.2516771
1775,0.3152455,0.1556477,-0.9017032,0.2516452
1779,0.312921,0.154118,-0.9027829,0.2516168
1783,0.31035,0.1526487,-0.9039192,0.2516177
1787,0.3075608,0.1512082,-0.9051058,0.2516463
1791,0.3045607,0.1497694,-0.906333,0.2517388
1795,0.3014036,0.148298,-0.9075791,0.2519199
1799,0.2980705,0.1468305,-0.9088486,0.2521687
1803,0.294549,0.1453301,-0.9101349,0.2525362
1807,0.2908108,0.1437978,-0.9114439,0.2530241
1811,0.2868875,0.1422342,-0.9127794,0.253572
1815,0.2827605,0.1406454,-0.9141489,0.2541599
1819,0.2784751,0.1390232,-0.9155321,0.2548044
1823,0.2740906,0.1373056,-0.9169526,0.255381
1827,0.2696569,0.1355328,-0.918383,0.2559077
1831,0.2651868,0.1336958,-0.9198245,0.2563676
1835,0.260771,0.1317634,-0.9212724,0.2566983
1839,0.2563314,0.1297427,-0.9227441,0.2569132
1843,0.2519228,0.1276915,-0.9242173,0.257006
1847,0.2474245,0.1256108,-0.9256985,0.2570704
1851,0.2428937,0.1235598,-0.927173,0.2570717
1855,0.2383254,0.1214746,-0.9286515,0.2570044
1859,0.2337025,0.1194234,-0.9301249,0.2568829
1863,0.2044875,0.108123,-0.9390868,0.2541855
1868,0.1992552,0.1065328,-0.9406059,0.2533943
1872,0.1939562,0.1050009,-0.9420992,0.2525963
1876,0.1886277,0.1035003,-0.9435675,0.2517691
1880,0.1833292,0.1020911,-0.9450012,0.2508796
1884,0.1780972,0.1006849,-0.9464015,0.2499362
1888,0.1728869,0.09933496,-0.9477854,0.2488886
1892,0.1677129,0.09795755,-0.9491379,0.2478182
1896,0.1626618,0.09654981,-0.9504629,0.2466567
1900,0.157638,0.0951401,-0.9517685,0.245429
1904,0.1527405,0.09373269,-0.9530358,0.244146
1908,0.1479336,0.09226327,-0.954265,0.2428609
1912,0.1431863,0.09082349,-0.9554533,0.2415733
1916,0.1385619,0.08935328,-0.9565823,0.2403475
1920,0.1340277,0.08791265,-0.9576691,0.2391187
1924,0.1296223,0.08647612,-0.958709,0.2379012
1928,0.1253034,0.08509727,-0.9597098,0.2366739
1932,0.1210471,0.08375003,-0.9606603,0.2355106
1936,0.1168826,0.08246392,-0.961579,0.2343163
1940,0.1127473,0.08129929,-0.962455,0.2331498
1944,0.1086762,0.08019809,-0.9632957,0.2319896
1948,0.1046964,0.07915772,-0.9641011,0.2308282
1952,0.1008377,0.07817751,-0.9648629,0.2296943
1956,0.09713197,0.0772585,-0.9655935,0.2285296
1960,0.09351882,0.07640126,-0.9662999,0.2273359
1964,0.09008752,0.07557308,-0.9669863,0.2260762
1968,0.08678061,0.0748077,-0.9676619,0.2247293
1972,0.07061388,0.07046077,-0.9713848,0.2155469
1977,0.06849991,0.0696329,-0.9719822,0.2137981
1981,0.06650964,0.068745,-0.9725658,0.2120531
1985,0.06464136,0.06782597,-0.9731419,0.2102758
1989,0.06283453,0.06678466,-0.9737209,0.2084686
1993,0.06102903,0.06565291,-0.9742904,0.2066964
1997,0.05922285,0.0644592,-0.9748498,0.2049527
2001,0.05732365,0.06323362,-0.9753901,0.2032969
2005,0.05530199,0.06197742,-0.9758994,0.2017941
2009,0.05325085,0.06075313,-0.9763677,0.2004486
2013,0.05116821,0.05958907,-0.9767892,0.1992835
2017,0.04911638,0.05851708,-0.9771526,0.1983334
2021,0.04706578,0.05750783,-0.9774799,0.1975109
2025,0.04504406,0.05658832,-0.9777715,0.1968037
2029,0.04305413,0.05573151,-0.9780268,0.1962239
2033,0.04112438,0.0549652,-0.9782581,0.1957006
2037,0.0393489,0.05426167,-0.9784555,0.1952746
2041,0.03781743,0.0536487,-0.9786294,0.1948746
2045,0.03643999,0.05309827,-0.9787964,0.1944487
2049,0.03533656,0.05257614,-0.9789513,0.1940142
2053,0.03444949,0.05205701,-0.9791005,0.1935602
2057,0.0337452,0.05156707,-0.9792537,0.1930397
2061,0.03328571,0.0511075,-0.9794022,0.1924876
2065,0.03300959,0.05061675,-0.9795398,0.1919639
2069,0.03294846,0.05018823,-0.9796656,0.1914441
2073,0.03313212,0.04969819,-0.9797861,0.1909231
2077,0.03346945,0.0492396,-0.9798926,0.190436
2081,0.03800118,0.04645269,-0.9801304,0.1890566
2086,0.03901203,0.04611626,-0.9800472,0.1893645
2090,0.04008346,0.04584029,-0.9799165,0.1898835
2094,0.04121685,0.04562638,-0.9797423,0.1905897
2098,0.04244106,0.04547256,-0.9795126,0.1915359
2102,0.04369683,0.04541163,-0.9792438,0.1926396
2106,0.04507428,0.04544174,-0.9789265,0.1939235
2110,0.04654475,0.04553424,-0.9785727,0.1953348
2114,0.04813769,0.04568794,-0.9781873,0.1968378
2118,0.04994306,0.04596231,-0.9777631,0.1984249
2122,0.05190366,0.0462999,-0.9773199,0.2000205
2126,0.05407692,0.04669723,-0.9768755,0.2015177
2130,0.05649674,0.04718779,-0.976429,0.2028983
2134,0.05922091,0.04770743,-0.9759814,0.2041498
2138,0.06219242,0.04829022,-0.9755421,0.2052258
2142,0.0654683,0.04890218,-0.975104,0.2061425
2146,0.06902006,0.04954501,-0.9746711,0.2068765
2150,0.07281736,0.05015763,-0.974246,0.2074284
2154,0.0767986,0.05077036,-0.9738234,0.2078278
2158,0.08083969,0.05135157,-0.9734139,0.2080703
2162,0.08485286,0.05196511,-0.973006,0.2082279
2166,0.08877038,0.05257632,-0.9725853,0.2084068
2170,0.09253788,0.05325062,-0.9721377,0.2086849
2174,0.09609022,0.05392444,-0.9716504,0.2091754
2178,0.09942932,0.05469071,-0.9711124,0.2099131
2182,0.1025832,0.05545615,-0.9705285,0.2108926
2186,0.1056149,0.05631364,-0.9698868,0.2121178
2190,0.1212623,0.06363206,-0.964678,0.2250395
2195,0.1240492,0.06507147,-0.963609,0.2276736
2199,0.1271422,0.06654143,-0.9625082,0.230185
2203,0.1306615,0.06791823,-0.9613891,0.2324776
2207,0.1347339,0.0692655,-0.9602243,0.2345596
2211,0.1393597,0.07052194,-0.9590433,0.2363082
2215,0.1445331,0.07165411,-0.9578378,0.2377447
2219,0.1501692,0.07269609,-0.9566242,0.2388192
2223,0.1561996,0.07364441,-0.9554176,0.2394898
2227,0.1623877,0.07453361,-0.9542384,0.2397998
2231,0.1686312,0.07542014,-0.9530864,0.239795
2235,0.1748198,0.0762789,-0.9519398,0.2396462
2239,0.180791,0.07716688,-0.9508062,0.2394317
2243,0.1864845,0.07808465,-0.9496624,0.2393065
2247,0.1917551,0.07903542,-0.9485169,0.2393723
2251,0.1965896,0.08004441,-0.9473657,0.2396739
2255,0.2010581,0.08117653,-0.9461919,0.2402225
2259,0.2050742,0.08240326,-0.9450194,0.2410242
2263,0.208653,0.08381028,-0.9438073,0.2422139
2267,0.2118409,0.08531206,-0.9425666,0.2437488
2271,0.2147487,0.0869345,-0.941275,0.2456152
2275,0.2173491,0.08858706,-0.9399782,0.2476947
2279,0.2198043,0.09027349,-0.9386851,0.2498138
2283,0.2220387,0.09192667,-0.9374254,0.2519562
2287,0.2240554,0.09351717,-0.9362435,0.2539723
2291,0.2259893,0.09505025,-0.9351303,0.2557844
2295,0.228226,0.09642878,-0.9340333,0.2572863
2299,0.2547099,0.09994868,-0.9267301,0.2574965
2304,0.26056,0.1000105,-0.9254183,0.2563342
2308,0.2664111,0.0999807,-0.9241095,0.2550503
2312,0.2721635,0.0999178,-0.9227775,0.2538212
2316,0.2777666,0.0998257,-0.921428,0.2526876
2320,0.2831258,0.09973402,-0.9200823,0.2516776
2324,0.2882073,0.09973345,-0.9187297,0.2508494
2328,0.2929889,0.09982692,-0.9173971,0.2501491
2332,0.2974538,0.1000699,-0.9160928,0.2495623
2336,0.3016568,0.10044,-0.9148002,0.2491096
2340,0.3056042,0.100929,-0.913536,0.2487397
2344,0.3092228,0.1015125,-0.9123266,0.2484684
2348,0.312613,0.1021527,-0.9111677,0.2482163
2352,0.3158617,0.1029192,-0.9100431,0.2479124
2356,0.3190784,0.103777,-0.9089142,0.2475767
2360,0.3222919,0.1046339,-0.9078069,0.247116
2364,0.3255705,0.1054307,-0.9067102,0.2465051
2368,0.3288447,0.1061343,-0.9056626,0.2457072
2372,0.3321525,0.1067469,-0.9046232,0.2448197
2376,0.3354867,0.1072051,-0.9036034,0.2438373
2380,0.3388293,0.1074516,-0.9026058,0.2427996
2384,0.3421322,0.1075421,-0.9016452,0.2416942
2388,0.3454084,0.1074502,-0.900726,0.2404998
2392,0.348685,0.1072971,-0.8998075,0.239275
2396,0.3520006,0.1070241,-0.8988801,0.2380253
2400,0.3553986,0.1066257,-0.8978974,0.2368609
2404,0.358849,0.1061022,-0.8968622,0.2358133
2408,0.3784507,0.1015714,-0.8903192,0.231927
2413,0.3813289,0.1008364,-0.8892776,0.2315288
2417,0.3840573,0.1001636,-0.8882741,0.2311632
2421,0.3865699,0.09958216,-0.8873284,0.2308579
2425,0.388869,0.09912346,-0.8864461,0.2305838
2429,0.3909746,0.09875416,-0.8856335,0.2303039
2433,0.3929074,0.09851009,-0.884876,0.2300304
2437,0.394687,0.09835787,-0.8841797,0.2297263
2441,0.3963015,0.09826392,-0.8835485,0.2294152
2445,0.3978029,0.09826415,-0.8829688,0.2290483
2449,0.3992108,0.09823336,-0.8824161,0.2287416
2453,0.4005053,0.09817418,-0.881914,0.2284402
2457,0.4017204,0.09811054,-0.8814332,0.2281897
2461,0.402883,0.09798782,-0.8809717,0.2279748
2465,0.4039568,0.09780458,-0.8805475,0.2277922
2469,0.4049972,0.09759006,-0.8801172,0.2276999
2473,0.4060086,0.09737593,-0.8796905,0.2276392
2477,0.4070561,0.09716308,-0.8792447,0.2275815
2481,0.408124,0.0969172,-0.8787773,0.2275794
2485,0.4092234,0.0966409,-0.8782808,0.2276389
2489,0.4103611,0.09636641,-0.8777397,0.2277946
2493,0.4115842,0.09612104,-0.8771542,0.2279468
2497,0.4129008,0.09590665,-0.8765109,0.2281304
2501,0.4142771,0.09572255,-0.8758337,0.2283133
2505,0.4156872,0.09550854,-0.8751326,0.2285285
2509,0.4171015,0.0952955,-0.8744097,0.2288072
2513,0.4184695,0.09507888,-0.8736845,0.2291692
2517,0.4241078,0.09455921,-0.8701407,0.2324785
2522,0.4245699,0.0945292,-0.8697789,0.2330006
2526,0.4248469,0.0945295,-0.8695366,0.2333994
2530,0.424973,0.09456094,-0.8694217,0.2335851
2534,0.4249657,0.09458994,-0.8694068,0.2336424
2538,0.4249079,0.09449884,-0.8694444,0.2336442
2542,0.4247494,0.09434453,-0.8695559,0.23358
2546,0.4245703,0.09410058,-0.8697184,0.2333988
2550,0.4243213,0.09385472,-0.8699245,0.2331823
2554,0.4240518,0.09354984,-0.8701207,0.2330631
2558,0.4236512,0.09321246,-0.8703606,0.2330311
2562,0.4231568,0.09284401,-0.8706575,0.2329674
2566,0.4225484,0.09244682,-0.8710027,0.232939
2570,0.421877,0.09207986,-0.8713749,0.2329097
2574,0.4210772,0.09168097,-0.8717961,0.2329383
2578,0.420156,0.09122111,-0.8722808,0.2329675
2582,0.4191526,0.09076333,-0.8727856,0.2330633
2586,0.4180749,0.09030271,-0.8732937,0.2332744
2590,0.4168793,0.08987371,-0.8738113,0.233641
2594,0.415602,0.08941629,-0.8743504,0.2340747
2598,0.4142135,0.0889547,-0.8749101,0.2346199
2602,0.4126829,0.08849549,-0.8755235,0.235202
2606,0.4109111,0.08806768,-0.8762673,0.2356943
2610,0.408918,0.08763841,-0.877119,0.2361521
2614,0.4066273,0.08727223,-0.8781117,0.2365537
2618,0.4041159,0.08693529,-0.8792131,0.2368902
2622,0.4012951,0.0866283,-0.8804607,0.2371637
2626,0.377837,0.08433124,-0.8903775,0.2394897
2631,0.3727935,0.08396581,-0.8923281,0.240261
2635,0.367398,0.08368885,-0.8943346,0.2412064
2639,0.3616378,0.08341247,-0.8964084,0.2423065
2643,0.3554877,0.08322986,-0.8985335,0.2435959
2647,0.348993,0.08307608,-0.9007003,0.2450331
2651,0.3421654,0.08298445,-0.9029076,0.2465649
2655,0.3350276,0.08292247,-0.9051349,0.2482162
2659,0.3276171,0.0828612,-0.90737,0.2499616
2663,0.3199667,0.08280122,-0.9096192,0.2517108
2667,0.3121879,0.08270911,-0.9118518,0.2534249
2671,0.3042858,0.08264742,-0.9140823,0.2550158
2675,0.2962939,0.08261688,-0.916288,0.2565165
2679,0.2882064,0.08258528,-0.9184818,0.2578914
2683,0.2800693,0.08255707,-0.9206522,0.2591239
2687,0.2718612,0.08255664,-0.9227908,0.2602555
2691,0.2635861,0.08261561,-0.9249091,0.2612283
2695,0.2552308,0.08270885,-0.9270067,0.2620594
2699,0.2468416,0.08286235,-0.9290628,0.2627649
2703,0.238483,0.08304648,-0.9310883,0.2632561
2707,0.2302155,0.08329161,-0.9330497,0.2635934
2711,0.2220947,0.08353429,-0.9349533,0.2637393
2715,0.2140746,0.08384155,-0.9368023,0.263712
2719,0.206267,0.08417872,-0.9385821,0.2634987
2723,0.1986408,0.08451498,-0.9402903,0.26316
2727,0.1912933,0.08482189,-0.9419211,0.2626723
2731,0.1842518,0.0850982,-0.9434601,0.2620927
2735,0.1470774,0.08561905,-0.9517924,0.2552036
2740,0.1415924,0.08555564,-0.9530237,0.2537273
2744,0.136203,0.08546368,-0.9542475,0.2521041
2748,0.1309989,0.08534221,-0.955453,0.250331
2752,0.1259473,0.08528162,-0.956624,0.248465
2756,0.1211397,0.08522035,-0.9577567,0.2465051
2760,0.1164858,0.08515957,-0.9588643,0.2444548
2764,0.1120122,0.08515743,-0.9599426,0.2423052
2768,0.1076658,0.08515885,-0.9609998,0.2400739
2772,0.1034401,0.08515894,-0.9620419,0.2377468
2776,0.09936643,0.08515811,-0.9630736,0.2352948
2780,0.09541538,0.08515731,-0.9641056,0.2326898
2784,0.091651,0.08515918,-0.9651374,0.2299084
2788,0.08806659,0.08515757,-0.9661603,0.226995
2792,0.08466824,0.08515818,-0.9671777,0.2239345
2796,0.08151437,0.0851277,-0.9681898,0.2207196
2800,0.07860477,0.08503524,-0.9691935,0.2173803
2804,0.0759722,0.08482184,-0.9701843,0.2139532
2808,0.073583,0.08448418,-0.9711547,0.2104909
2812,0.07140926,0.08399469,-0.9721091,0.2070011
2816,0.06945035,0.08338328,-0.9730398,0.2035128
2820,0.06761242,0.08264761,-0.9739496,0.2000507
2824,0.06586712,0.08179036,-0.9748394,0.1966214
2828,0.06415213,0.08084087,-0.9756942,0.1933138
2832,0.06246714,0.07979871,-0.976539,0.1900042
2836,0.06075259,0.07869665,-0.9773389,0.1868816
2840,0.05897729,0.07753401,-0.978086,0.1840055
2844,0.04617731,0.07085829,-0.9815129,0.1716951
2849,0.04360447,0.06999987,-0.9819273,0.1703453
2853,0.04094075,0.06923488,-0.9823024,0.1691523
2857,0.0382461,0.06859189,-0.98264,0.1680807
2861,0.03555125,0.06804037,-0.9829414,0.1671307
2865,0.03285652,0.06761156,-0.9832154,0.1662424
2869,0.03022353,0.06724507,-0.9834744,0.1653567
2873,0.02771219,0.06696858,-0.9837062,0.1645277
2877,0.02532372,0.06672357,-0.98392,0.1637315
2881,0.02308851,0.06654022,-0.9841093,0.1629975
2885,0.02097554,0.0663868,-0.9842885,0.1622618
2889,0.01901579,0.06626437,-0.9844424,0.1616189
2893,0.0173013,0.06614304,-0.9845821,0.1610093
2897,0.01577019,0.06598984,-0.9847031,0.1604885
2901,0.0144839,0.0658359,-0.9848132,0.1599965
2905,0.01341225,0.06562201,-0.984912,0.159569
2909,0.01255484,0.06537705,-0.985004,0.1591709
2913,0.01191182,0.06504038,-0.9850984,0.1587732
2917,0.01145254,0.06464254,-0.985194,0.1583758
2921,0.01123792,0.06415108,-0.9852931,0.1579739
2925,0.01123797,0.06356957,-0.9853896,0.1576072
2929,0.01151364,0.06289633,-0.9854881,0.1572408
2933,0.01200364,0.06213107,-0.9855844,0.1569047
2937,0.0127691,0.06130394,-0.9856705,0.1566282
2941,0.01381046,0.06035571,-0.9857486,0.1564165
2945,0.01509645,0.05931406,-0.985832,0.1561702
2949,0.01659683,0.05818078,-0.9859192,0.1558939
2953,0.02808009,0.05144444,-0.9859266,0.1565687
2958,0.03022287,0.05049394,-0.9858106,0.1572079
2962,0.0324583,0.0496367,-0.9856606,0.1579739
2966,0.03484755,0.0488723,-0.985469,0.1588962
2970,0.03726656,0.04816787,-0.9852518,0.1599063
2974,0.03980799,0.04755523,-0.9850027,0.161008
2978,0.04238002,0.04706509,-0.984723,0.1622016
2982,0.04510539,0.04666708,-0.9844183,0.1634267
2986,0.0479224,0.04629947,-0.9841087,0.1645897
2990,0.05086197,0.04599318,-0.9838009,0.1656306
2994,0.05383274,0.04574864,-0.983504,0.1665202
2998,0.05689417,0.04556433,-0.9832158,0.1672529
3002,0.06014039,0.04550337,-0.9829156,0.167897
3006,0.06360047,0.0455339,-0.9826074,0.1684172
3010,0.06724548,0.04562649,-0.9822863,0.1688486
3014,0.07107159,0.04577856,-0.9819578,0.169151
3018,0.0750227,0.04596289,-0.9816337,0.1692757
3022,0.07903393,0.0461465,-0.9812945,0.1693671
3026,0.08304651,0.04626965,-0.980941,0.1694614
3030,0.08699521,0.04639132,-0.9805564,0.1696728
3034,0.09088387,0.04648306,-0.980125,0.170101
3038,0.09471208,0.04657519,-0.9796408,0.1707757
3042,0.09844778,0.04672825,-0.9790884,0.171786
3046,0.1021537,0.04700417,-0.9784524,0.1731652
3050,0.1057971,0.04737136,-0.9777424,0.174879
3054,0.1093187,0.04786137,-0.9769783,0.1768391
3058,0.1128101,0.04844342,-0.9761563,0.179014
3062,0.1350425,0.0533127,-0.9704995,0.1924892
3067,0.139268,0.05420061,-0.9695479,0.1940198
3071,0.1436759,0.05502678,-0.9686184,0.1952119
3075,0.1483292,0.0558225,-0.967692,0.1960983
3079,0.1532006,0.05655836,-0.9667898,0.1965916
3083,0.1582539,0.05720169,-0.9659063,0.1967456
3087,0.1634554,0.05781261,-0.9650542,0.1964955
3091,0.1687875,0.0583652,-0.96422,0.1959184
3095,0.1741424,0.05882319,-0.963402,0.1951178
3099,0.1794421,0.05916077,-0.9625873,0.1942323
3103,0.1846798,0.05946745,-0.9617682,0.1932845
3107,0.189728,0.05980289,-0.9609189,0.1925145
3111,0.1946019,0.06014132,-0.9600258,0.191999
3115,0.1991607,0.06056887,-0.9590887,0.1918729
3119,0.2033254,0.06105886,-0.9581097,0.1922405
3123,0.2070006,0.06161023,-0.957102,0.1931597
3127,0.2101569,0.0622846,-0.9560717,0.1946317
3131,0.2128804,0.06308021,-0.9550222,0.1965592
3135,0.2152408,0.06399962,-0.9539617,0.1988275
3139,0.217227,0.06503949,-0.9529019,0.2013958
3143,0.2189429,0.06611156,-0.951835,0.204214
3147,0.2203844,0.06724526,-0.9507733,0.2072171
3151,0.2216667,0.06846895,-0.9497158,0.2102756
3155,0.2228028,0.06972541,-0.9486881,0.2132795
3159,0.2238769,0.07101224,-0.9476873,0.2161602
3163,0.2249783,0.07229806,-0.9467034,0.2188846
3167,0.2261726,0.07355354,-0.9457234,0.2214568
3171,0.2393367,0.07940124,-0.9399846,0.2298747
3176,0.2427353,0.07989106,-0.9390337,0.2300275
3180,0.2464728,0.08022846,-0.9380605,0.2299066
3184,0.2504882,0.08038283,-0.9370647,0.2295734
3188,0.2547411,0.08035108,-0.9360411,0.2290802
3192,0.2591825,0.08013713,-0.9349741,0.2285302
3196,0.2638046,0.07973851,-0.9338347,0.2280387
3200,0.2685511,0.07918734,-0.9326101,0.2277019
3204,0.2733601,0.0785141,-0.9312985,0.2275807
3208,0.2781376,0.0777793,-0.929922,0.2276729
3212,0.2827914,0.0770442,-0.9285111,0.2279479
3216,0.2872925,0.07627858,-0.9270711,0.2284377
3220,0.2916045,0.07560343,-0.9256138,0.2291069
3224,0.295683,0.0749925,-0.9241624,0.2299382
3228,0.2995451,0.0745035,-0.9227043,0.2309517
3232,0.3032144,0.07416534,-0.9212487,0.2320806
3236,0.3067382,0.07398218,-0.9197859,0.2333072
3240,0.3101625,0.07391967,-0.918331,0.2345281
3244,0.313508,0.07395212,-0.9168839,0.2357281
3248,0.316815,0.07407457,-0.9154441,0.236861
3252,0.3200882,0.07428814,-0.9140258,0.237869
3256,0.3233981,0.074595,-0.9125945,0.2387898
3260,0.3267345,0.07487028,-0.911182,0.2395543
3264,0.3301652,0.07514612,-0.9097763,0.2401062
3268,0.3336855,0.07532958,-0.9083951,0.2404116
3272,0.3373002,0.07542174,-0.9070513,0.2404125
3276,0.3409667,0.07545055,-0.9057434,0.2401618
3280,0.3619459,0.07266477,-0.8978525,0.2399499
3285,0.3649807,0.07183863,-0.8965743,0.2403807
3289,0.3678002,0.0710123,-0.8953551,0.2408722
3293,0.3703978,0.07015389,-0.8941789,0.2415119
3297,0.372851,0.06932776,-0.8930236,0.2422491
3301,0.3751135,0.06853095,-0.8919129,0.2430736
3305,0.3772279,0.06776568,-0.8908446,0.2439319
3309,0.3791828,0.06709112,-0.8898225,0.2448168
3313,0.3810235,0.06650993,-0.8888507,0.2456458
3317,0.3827412,0.06598985,-0.8879387,0.2464132
3321,0.384298,0.06559093,-0.8871006,0.2471143
3325,0.3857383,0.06525429,-0.8863375,0.2476968
3329,0.3870885,0.06497917,-0.8856398,0.248158
3333,0.3883443,0.06476488,-0.8850282,0.2484338
3337,0.3896318,0.06458138,-0.8844495,0.2485265
3341,0.3909419,0.06436593,-0.8839139,0.2484304
3345,0.392266,0.0641528,-0.8834101,0.2481902
3349,0.3936418,0.06384622,-0.8829151,0.247852
3353,0.3950195,0.06347872,-0.8824552,0.2473924
3357,0.3964248,0.06304949,-0.8820191,0.2468086
3361,0.3978948,0.06252895,-0.8815909,0.2461044
3365,0.3993611,0.06191598,-0.881185,0.2453367
3369,0.400866,0.06121238,-0.8807968,0.2444514
3373,0.4024577,0.06041612,-0.8803973,0.2434712
3377,0.4040823,0.05962021,-0.8800029,0.2424004
3381,0.4057952,0.05876253,-0.8796006,0.241205
3385,0.4074827,0.05793623,-0.8792098,0.2399821
3389,0.4148957,0.05368013,-0.8777757,0.2334305
3394,0.4153772,0.0531891,-0.877758,0.2327521
3398,0.415537,0.0528225,-0.8778333,0.2322659
3402,0.4152551,0.05254611,-0.8780651,0.2319562
3406,0.4145533,0.05239332,-0.8784378,0.2318351
3410,0.4133916,0.05236293,-0.8789624,0.231928
3414,0.4118057,0.05245562,-0.8796192,0.2322378
3418,0.4097536,0.05263929,-0.8804449,0.2326969
3422,0.4073022,0.05288406,-0.8814215,0.2332472
3426,0.4045683,0.05325039,-0.8825051,0.233824
3430,0.4016321,0.05361832,-0.8836764,0.2343773
3434,0.3986339,0.05401676,-0.8848459,0.2349913
3438,0.3955673,0.054353,-0.8860304,0.2356317
3442,0.3924446,0.0546593,-0.8871955,0.2363976
3446,0.3892356,0.05487453,-0.8883734,0.2372282
3450,0.3858936,0.05508829,-0.8895885,0.2380831
3454,0.3824956,0.05524154,-0.8908157,0.2389411
3458,0.378917,0.05539526,-0.8921117,0.2397705
3462,0.3752318,0.05548555,-0.8934338,0.2406211
3466,0.3713769,0.05557792,-0.8947893,0.241542
3470,0.3673967,0.05566988,-0.8961687,0.2424916
3474,0.3632328,0.05573121,-0.8975788,0.2435332
3478,0.3589755,0.05582294,-0.8989851,0.2446349
3482,0.3545938,0.05591435,-0.9004171,0.2457353
3486,0.3501231,0.05603684,-0.9018564,0.2468377
3490,0.3455925,0.05619016,-0.9032989,0.2479104
3494,0.3409411,0.05643564,-0.9047462,0.249015
3498,0.311881,0.05940591,-0.913473,0.2544961
3503,0.3067631,0.06017064,-0.9150531,0.2548602
3507,0.3015268,0.06102801,-0.9166756,0.2550744
3511,0.2961722,0.0619169,-0.9183422,0.2551393
3515,0.2907844,0.06286652,-0.9200314,0.2550182
3519,0.2853898,0.06384525,-0.9217293,0.2547379
3523,0.2799734,0.06488719,-0.9234252,0.2543431
3527,0.2746438,0.06589736,-0.9251047,0.2537906
3531,0.2693499,0.06690877,-0.9267707,0.2531203
3535,0.2641395,0.06788746,-0.9284078,0.2523503
3539,0.259001,0.06886891,-0.9300212,0.251468
3543,0.2539457,0.0698787,-0.9316037,0.2504855
3547,0.2489547,0.07088932,-0.9331361,0.2495059
3551,0.2440868,0.07183887,-0.9346096,0.248527
3555,0.2393338,0.0727249,-0.936023,0.2475709
3559,0.2346509,0.07355231,-0.9374092,0.2465625
3563,0.2300616,0.07441099,-0.9387421,0.2455563
3567,0.2255287,0.07523749,-0.9400553,0.2444836
3571,0.2210854,0.07609382,-0.9413279,0.2433777
3575,0.2167389,0.07695179,-0.94256,0.2422466
3579,0.2124537,0.07780986,-0.9437622,0.241085
3583,0.208224,0.07866579,-0.9449387,0.2398862
3587,0.20406,0.07955401,-0.9460742,0.2386927
3591,0.1999295,0.08047401,-0.9471925,0.2374412
3595,0.1958532,0.08142179,-0.9482775,0.2361814
3599,0.1918456,0.08240329,-0.9493374,0.2348693
3603,0.1878926,0.08341257,-0.950395,0.2334266
3607,0.1661492,0.08910695,-0.9567515,0.2215425
3612,0.1630615,0.08978334,-0.9577604,0.2191914
3616,0.1601502,0.0903639,-0.9587271,0.2168611
3620,0.1573953,0.09079318,-0.9596518,0.2145965
3624,0.1547612,0.09116025,-0.9605358,0.2123908
3628,0.1522205,0.09137516,-0.961399,0.210218
3632,0.1497417,0.09155987,-0.9622361,0.2080767
3636,0.1472602,0.09168165,-0.9630555,0.2059928
3640,0.1448104,0.09174284,-0.963851,0.2039716
3644,0.1423594,0.09177268,-0.9646389,0.2019489
3648,0.1399407,0.09177292,-0.9654071,0.199959
3652,0.1375501,0.09174091,-0.9661579,0.1979962
3656,0.1352849,0.09164953,-0.966898,0.1959763
3660,0.1330824,0.09155923,-0.9676188,0.1939586
3664,0.1309998,0.09140586,-0.9683203,0.191937
3668,0.129007,0.09118986,-0.9690071,0.1899125
3672,0.1270784,0.09094524,-0.9696845,0.1878616
3676,0.12521,0.0906693,-0.9703544,0.1857787
3680,0.1233721,0.09033204,-0.9710235,0.1836649
3684,0.1215372,0.08996633,-0.9716853,0.1815556
3688,0.1196691,0.0895987,-0.9723265,0.1795342
3692,0.1177714,0.08923187,-0.9729458,0.1776063
3696,0.1158403,0.0888936,-0.9735426,0.1757662
3700,0.1138512,0.08855774,-0.9741045,0.1741146
3704,0.1117993,0.08828198,-0.9746233,0.172675
3708,0.1096867,0.08800656,-0.9751151,0.1713893
3712,0.1075414,0.08782143,-0.9755589,0.1703148
3716,0.09455802,0.08723958,-0.9776406,0.1663339
3721,0.09259994,0.08714928,-0.9779031,0.1659388
3725,0.09076222,0.08702639,-0.9781436,0.1656012
3729,0.08901802,0.08684386,-0.9783714,0.1652973
3733,0.08742479,0.08662863,-0.9785758,0.1650507
3737,0.08595339,0.08635147,-0.9787725,0.1648027
3741,0.08469933,0.08601606,-0.9789417,0.1646217
3745,0.08362754,0.08561795,-0.9790946,0.1644685
3749,0.08270857,0.08509704,-0.9792438,0.1643148
3753,0.08194201,0.08451419,-0.9793847,0.1641596
3757,0.08139261,0.08390359,-0.9794978,0.1640713
3761,0.08093175,0.08319772,-0.9796019,0.1640376
3765,0.08062538,0.08249327,-0.9796611,0.1641904
3769,0.08044325,0.08175998,-0.9796805,0.1645305
3773,0.08038051,0.08099294,-0.9796624,0.165048
3777,0.08041116,0.08025805,-0.9796014,0.1657523
3781,0.08059479,0.07949243,-0.9795085,0.1665789
3785,0.08087036,0.07872689,-0.9793857,0.1675281
3789,0.08126865,0.07796156,-0.9792352,0.1685697
3793,0.0817588,0.07719623,-0.979054,0.1697337
3797,0.08243199,0.07643025,-0.978834,0.1710188
3801,0.08323006,0.07569709,-0.978581,0.1724007
3805,0.08414863,0.07496209,-0.9783043,0.1738398
3809,0.08525028,0.07425716,-0.9779897,0.1753694
3813,0.08650582,0.07352229,-0.9776536,0.1769312
3817,0.08788426,0.07284901,-0.9772914,0.1785245
3821,0.08944502,0.07217456,-0.9769135,0.1800843
3825,0.1029791,0.06911207,-0.9742751,0.1881673
3830,0.1059811,0.06865347,-0.9737954,0.1891492
3834,0.1091037,0.06819364,-0.9732981,0.190097
3838,0.1123204,0.06773521,-0.9727597,0.1911407
3842,0.1156874,0.06730567,-0.9721658,0.1923019
3846,0.1190878,0.06687781,-0.9715349,0.1935598
3850,0.1224842,0.06647832,-0.9708713,0.194903
3854,0.125884,0.06608066,-0.9701731,0.1963435
3858,0.1291933,0.06574497,-0.9694551,0.1978474
3862,0.1324679,0.06546841,-0.9687059,0.1994368
3866,0.1357431,0.06525347,-0.9679316,0.2010579
3870,0.138989,0.06500852,-0.9671358,0.2027421
3874,0.1422059,0.06479496,-0.9663206,0.2044593
3878,0.1455111,0.06454912,-0.9654809,0.2061714
3882,0.1489441,0.06424439,-0.9646152,0.2078603
3886,0.1524662,0.06387718,-0.9637309,0.2095147
3890,0.1562915,0.06347811,-0.9627973,0.2111038
3894,0.160367,0.06298929,-0.9618345,0.2125774
3898,0.1647437,0.06249851,-0.9608418,0.2138606
3902,0.1694257,0.06200743,-0.9598138,0.2149591
3906,0.1743878,0.06145678,-0.9587809,0.2157571
3910,0.1795957,0.06087575,-0.9577519,0.2162192
3914,0.1849218,0.06029327,-0.9567615,0.216278
3918,0.190344,0.05965092,-0.9557927,0.2160355
3922,0.1957314,0.05897662,-0.954864,0.2155127
3926,0.2010313,0.05827304,-0.9539569,0.2148416
3930,0.2062346,0.05750684,-0.9530581,0.2141043
3934,0.232081,0.05260789,-0.9476768,0.2127894
3939,0.2353231,0.05187214,-0.9467736,0.213429
3943,0.2383615,0.05119995,-0.9458824,0.2141701
3947,0.2413011,0.05049562,-0.9449939,0.2149662
3951,0.2442378,0.04982131,-0.944094,0.2157597
3955,0.247175,0.04914716,-0.9431967,0.2164925
3959,0.2502379,0.04850426,-0.942281,0.2171056
3963,0.2534211,0.04786094,-0.941357,0.2175637
3967,0.2567313,0.04724909,-0.9404191,0.2178725
3971,0.2601308,0.04660612,-0.9395023,0.2179342
3975,0.263747,0.04590232,-0.9385632,0.2177834
3979,0.2675677,0.04516621,-0.9375893,0.2174715
3983,0.2716173,0.0443713,-0.9365744,0.2169876
3987,0.2759284,0.04351285,-0.9355109,0.2163088
3991,0.2804635,0.04256407,-0.9343885,0.215515
3995,0.285151,0.0415539,-0.9332325,0.2145675
3999,0.2899865,0.04045112,-0.9320294,0.2135244
4003,0.2949429,0.03931756,-0.9307604,0.2124802
4007,0.2999355,0.03818475,-0.9294481,0.21144
4011,0.3050189,0.03705179,-0.9280401,0.2105521
4015,0.3100413,0.03591885,-0.9265717,0.2098788
4019,0.3149717,0.03475529,-0.9250419,0.209481
4023,0.3197221,0.03356148,-0.9234613,0.209453
4027,0.3242258,0.03239808,-0.9218754,0.2096995
4031,0.3284765,0.03126452,-0.9202976,0.2101858
4035,0.3324336,0.03022402,-0.9187551,0.2108638
4039,0.3361357,0.0293357,-0.917246,0.2116886
4043,0.3541957,0.02651798,-0.9092055,0.217227
4048,0.3567425,0.02636526,-0.9079633,0.2182713
4052,0.3592228,0.02621214,-0.9067381,0.2193124
4056,0.3616711,0.02602831,-0.9055097,0.2203833
4060,0.3642136,0.02581403,-0.9042567,0.2213638
4064,0.3668749,0.02550762,-0.9029637,0.2222807
4068,0.3696984,0.02514059,-0.9016317,0.22305
4072,0.3727265,0.02468104,-0.9002454,0.2236604
4076,0.3759424,0.02412989,-0.8988076,0.2241201
4080,0.3792805,0.02342561,-0.8973386,0.2244571
4084,0.3826771,0.02259868,-0.8958325,0.2247926
4088,0.3860719,0.02161856,-0.8942916,0.2252188
4092,0.3893839,0.02048583,-0.8927414,0.2257729
4096,0.3925634,0.01919947,-0.8911985,0.2264742
4100,0.3956057,0.01779139,-0.8896613,0.2273378
4104,0.3984732,0.01632108,-0.888167,0.2282808
4108,0.401116,0.01479037,-0.8867177,0.2293885
4112,0.4034391,0.01328976,-0.8853614,0.2306416
4116,0.4054602,0.01181993,-0.884106,0.231989
4120,0.4071741,0.01041131,-0.8829404,0.233489
4124,0.4086128,0.009063954,-0.8818675,0.235081
4128,0.4097205,0.007869818,-0.8809296,0.236707
4132,0.4105184,0.006798081,-0.8801371,0.2383003
4136,0.4111227,0.00597117,-0.8794462,0.2398267
4140,0.4114865,0.005297452,-0.8788872,0.2412637
4144,0.4116496,0.004838253,-0.8784492,0.2425864
4148,0.411616,0.004532001,-0.8781365,0.2437788
4152,0.4092259,0.004133905,-0.8775514,0.249841
4157,0.4088289,0.004011429,-0.8774924,0.250699
4161,0.4084331,0.003858343,-0.8774667,0.2514353
4165,0.4080674,0.003674628,-0.8774704,0.2520182
4169,0.4076968,0.003460248,-0.8774944,0.2525369
4173,0.4073247,0.003215238,-0.8775455,0.2529626
4177,0.4068998,0.002939674,-0.8776457,0.2533019
4181,0.4064702,0.002664073,-0.8777663,0.2535769
4185,0.4060071,0.002388458,-0.8779112,0.2538195
4189,0.4054005,0.002143518,-0.878138,0.2540069
4193,0.4046918,0.001929145,-0.8784041,0.2542185
4197,0.4038105,0.00180669,-0.8787555,0.2544064
4201,0.4027616,0.001745412,-0.8791673,0.2546465
4205,0.4015364,0.001806654,-0.8796566,0.2548913
4209,0.4001057,0.001959802,-0.8802265,0.2551723
4213,0.3984763,0.002235363,-0.880886,0.2554438
4217,0.3966725,0.002664081,-0.881627,0.2556905
4221,0.3946174,0.003184621,-0.8824767,0.2559333
4225,0.3924153,0.003888939,-0.8834015,0.2561188
4229,0.3900308,0.004685146,-0.8843902,0.2563357
4233,0.3874888,0.005603798,-0.8854307,0.2565804
4237,0.3848473,0.00661418,-0.8865145,0.2567894
4241,0.3820611,0.007685928,-0.8876482,0.257004
4245,0.3792109,0.008818859,-0.8888063,0.2571861
4249,0.3762734,0.01001314,-0.8900054,0.25731
4253,0.3732451,0.01123808,-0.8912379,0.2574041
4257,0.3701549,0.01249365,-0.8924997,0.2574365
4261,0.3494491,0.01938322,-0.9007226,0.2573099
4266,0.3457771,0.02039387,-0.9021682,0.2571281
4270,0.3420778,0.02137412,-0.9036231,0.2568875
4274,0.3384274,0.02229236,-0.9050453,0.2566377
4278,0.3347567,0.02318065,-0.9064643,0.2563651
4282,0.3311445,0.02403814,-0.9078454,0.2560904
4286,0.3275,0.02486489,-0.9092219,0.2558143
4290,0.3238565,0.02572234,-0.9105709,0.2555698
4294,0.3201805,0.02657964,-0.9119143,0.2553238
4298,0.3164466,0.02746783,-0.9132671,0.2550497
4302,0.3127046,0.02838594,-0.9145967,0.2547998
4306,0.3089405,0.02936604,-0.9159203,0.2545261
4310,0.3050795,0.03031504,-0.9172596,0.2542483
4314,0.3011937,0.03129524,-0.9185857,0.2539752
4318,0.2972123,0.03230569,-0.9199312,0.2536685
4322,0.2931072,0.03334661,-0.9213034,0.2533301
4326,0.2889141,0.0344186,-0.9226879,0.2529645
4330,0.2845941,0.03552068,-0.9240889,0.2525949
4334,0.2801534,0.03659233,-0.9254951,0.2522574
4338,0.2756232,0.03769494,-0.9269097,0.2518916
4342,0.2710297,0.03879728,-0.9283175,0.2515239
4346,0.2664055,0.03989958,-0.9297245,0.2510948
4350,0.2617556,0.04100267,-0.9311189,0.2506399
4354,0.2571305,0.04204361,-0.9324923,0.2501487
4358,0.2525982,0.04308469,-0.9338385,0.2495666
4362,0.2481306,0.04409577,-0.9351671,0.2488961
4366,0.2438067,0.04510517,-0.9364604,0.2481243
4370,0.2215797,0.05052605,-0.9436123,0.2407184
4375,0.218514,0.05129078,-0.9447609,0.2388466
4379,0.2155438,0.05205633,-0.9458941,0.2368869
4383,0.2127312,0.05276174,-0.9470166,0.234779
4387,0.2099994,0.05340316,-0.9481205,0.2326283
4391,0.2073992,0.05398565,-0.9492043,0.2303959
4395,0.2048895,0.05450655,-0.9502513,0.2281926
4399,0.2024688,0.05496544,-0.9512849,0.2259248
4403,0.2001079,0.05536268,-0.9523116,0.2235942
4407,0.1977853,0.05567018,-0.9533136,0.2213028
4411,0.1954888,0.05594581,-0.954294,0.2190369
4415,0.1931935,0.05619116,-0.9552497,0.2168336
4419,0.1908634,0.05637406,-0.9561849,0.2147175
4423,0.1885695,0.05655859,-0.9570865,0.2126689
4427,0.1862995,0.05667988,-0.9579849,0.2105821
4431,0.184098,0.05677275,-0.9588593,0.2085036
4435,0.181923,0.0568031,-0.9597427,0.2063285
4439,0.1799011,0.05680281,-0.9605951,0.2041226
4443,0.1779692,0.05674069,-0.9614378,0.2018535
4447,0.1761648,0.0565883,-0.9622767,0.1994676
4451,0.1745449,0.05634432,-0.9630898,0.1970214
4455,0.1731043,0.05603765,-0.9638781,0.1945088
4459,0.1718494,0.05563975,-0.964647,0.1919066
4463,0.1708371,0.05508801,-0.9654029,0.1891488
4467,0.1700096,0.0544447,-0.9661332,0.1863307
4471,0.1693659,0.05367898,-0.966834,0.1834823
4475,0.1688793,0.05282262,-0.967496,0.1806687
4479,0.1665827,0.04620834,-0.97111,0.1645004
4484,0.1659694,0.04504447,-0.971656,0.162203
4488,0.1652654,0.04391154,-0.9721781,0.1600903
4492,0.1644053,0.04283908,-0.9726828,0.1581892
4496,0.1635201,0.04179868,-0.973159,0.1564465
4500,0.1625379,0.04084881,-0.9736043,0.1549438
4504,0.1615606,0.03993082,-0.974018,0.1535989
4508,0.160548,0.03907289,-0.9744033,0.1524333
4512,0.1595066,0.03824607,-0.9747694,0.151392
4516,0.1584961,0.03748053,-0.9751062,0.1504733
4520,0.1575167,0.03674572,-0.9754152,0.1496776
4524,0.1566004,0.03604199,-0.9757058,0.1489143
4528,0.1556771,0.03533661,-0.9759825,0.1482362
4532,0.1548218,0.03463281,-0.9762409,0.1475952
4536,0.153964,0.03395905,-0.9764835,0.1470436
4540,0.1531377,0.03328549,-0.976701,0.1466154
4544,0.1523129,0.03264286,-0.9768973,0.146311
4548,0.1514522,0.03196849,-0.9770905,0.1460629
4552,0.1505638,0.03132536,-0.9772716,0.1459094
4556,0.149557,0.03074431,-0.9774486,0.1458824
4560,0.1484832,0.03025394,-0.9776188,0.1459416
4564,0.1472902,0.0298255,-0.9777802,0.1461572
4568,0.1460333,0.02948838,-0.9779242,0.1465233
4572,0.144654,0.02924313,-0.9780678,0.1469812
4576,0.1431859,0.02902914,-0.9782023,0.1475648
4580,0.1416551,0.02890671,-0.9783269,0.1482388
4584,0.1400624,0.02884538,-0.9784465,0.1489732
4588,0.1321312,0.02902905,-0.9787811,0.1539029
4593,0.1313949,0.02896752,-0.9787713,0.1546057
4597,0.1308446,0.02884521,-0.9787468,0.1552497
4601,0.1305377,0.02863072,-0.9787114,0.1557695
4605,0.1303874,0.02835573,-0.9786707,0.1562015
4609,0.1304773,0.02798785,-0.9786256,0.1564748
4613,0.1307552,0.02752902,-0.9785815,0.1566
4617,0.1311823,0.02700812,-0.9785391,0.1565981
4621,0.1317659,0.02642667,-0.9784909,0.1565083
4625,0.1324973,0.02578293,-0.9784344,0.1563511
4629,0.133357,0.02507909,-0.97836,0.1562008
4633,0.134307,0.02434429,-0.9782729,0.1560484
4637,0.1353457,0.02357832,-0.9781636,0.1559538
4641,0.1364482,0.02284345,-0.9780425,0.1558621
4645,0.1376141,0.0221089,-0.9779053,0.1558034
4649,0.1387784,0.02137408,-0.977757,0.1558042
4653,0.1400003,0.02069996,-0.9775832,0.1558927
4657,0.1412568,0.02008768,-0.9773759,0.1561388
4661,0.1425443,0.01956731,-0.9771405,0.1565078
4665,0.1439229,0.01907745,-0.9768693,0.1569985
4669,0.1454232,0.01864871,-0.9765617,0.1575801
4673,0.147042,0.01828073,-0.9762279,0.1581881
4677,0.1487282,0.01794415,-0.9758739,0.1588333
4681,0.1505328,0.01766831,-0.9754927,0.1595047
4685,0.1524323,0.01742346,-0.9751015,0.1601183
4689,0.154453,0.0172397,-0.9747012,0.1606384
4693,0.1566606,0.0170869,-0.9742903,0.1610088
4697,0.1737166,0.01632133,-0.9716247,0.1596919
4702,0.1769602,0.0161374,-0.9711531,0.1590162
4706,0.1802378,0.01592314,-0.9706688,0.1583128
4710,0.1835759,0.01573946,-0.9701506,0.1576702
4714,0.1868843,0.01555583,-0.9696061,0.1571507
4718,0.1902194,0.01537188,-0.9690102,0.1568422
4722,0.1935911,0.01524966,-0.9683537,0.1567837
4726,0.1968325,0.01512683,-0.9676578,0.1570557
4730,0.2000218,0.01503532,-0.9669147,0.1576105
4734,0.2031756,0.01497406,-0.9661177,0.1584678
4738,0.2062948,0.01491251,-0.9652713,0.1595976
4742,0.2093609,0.01494341,-0.9643707,0.1610398
4746,0.2123625,0.01503533,-0.9634246,0.1627551
4750,0.215238,0.0151576,-0.9624618,0.1646514
4754,0.2179944,0.01537199,-0.9614843,0.1667034
4758,0.2205988,0.01564769,-0.9605111,0.1688481
4762,0.2230783,0.01601509,-0.9595583,0.1709604
4766,0.2254646,0.01647426,-0.9586304,0.1729797
4770,0.2277661,0.01696456,-0.9577323,0.174882
4774,0.2299999,0.01751563,-0.9568681,0.1766262
4778,0.2322367,0.01803632,-0.9560165,0.1782502
4782,0.2345608,0.01849539,-0.9551768,0.1796564
4786,0.2370683,0.0188932,-0.9543363,0.1807868
4790,0.2397978,0.01923037,-0.9534955,0.1815861
4794,0.2427407,0.01950623,-0.952651,0.1820785
4798,0.2458641,0.01968995,-0.9517931,0.182354
4802,0.2491957,0.01984257,-0.9509122,0.1824108
4806,0.2694388,0.01975089,-0.9453478,0.1825656
4811,0.272682,0.01959758,-0.9442667,0.1833599
4815,0.2758985,0.01947519,-0.9431074,0.1845243
4819,0.2790499,0.01941376,-0.9419044,0.1859312
4823,0.2820831,0.01935264,-0.9406854,0.1875247
4827,0.285056,0.01935282,-0.9394385,0.1892718
4831,0.2879687,0.01938369,-0.9381949,0.1910197
4835,0.2908128,0.01950592,-0.9369578,0.1927626
4839,0.2935986,0.01965898,-0.9357308,0.1944769
4843,0.296444,0.01978131,-0.9344984,0.1960677
4847,0.2994481,0.01990401,-0.933253,0.1974171
4851,0.3026044,0.01999602,-0.9320045,0.1984904
4855,0.3059697,0.0201183,-0.9307393,0.1992539
4859,0.3095591,0.02024123,-0.9294429,0.1997482
4863,0.3134447,0.02033287,-0.9280854,0.199991
4867,0.3175761,0.02033271,-0.9267001,0.1998975
4871,0.3219569,0.02033283,-0.9252662,0.1995312
4875,0.3265789,0.02030209,-0.9237912,0.1988564
4879,0.3314204,0.02030229,-0.9222691,0.1979091
4883,0.3363735,0.02033246,-0.9207173,0.1967716
4887,0.3413715,0.02033286,-0.9191431,0.19552
4891,0.346296,0.02033253,-0.9175665,0.1942614
4895,0.3510121,0.02033255,-0.9160058,0.1931592
4899,0.3554231,0.02027139,-0.9144787,0.1923333
4903,0.3594029,0.02024072,-0.9130065,0.1919347
4907,0.3629863,0.02021014,-0.9115691,0.1920269
4911,0.3661155,0.02024108,-0.9102055,0.1925505
4915,0.3769165,0.02128174,-0.903142,0.2044884
4920,0.377872,0.02146582,-0.9021158,0.2072172
4924,0.3788216,0.02164957,-0.9010753,0.2099733
4928,0.3798564,0.0217717,-0.9000194,0.2126032
4932,0.381055,0.02186381,-0.8989272,0.2150554
4936,0.3824885,0.02186349,-0.8977809,0.2172875
4940,0.3841464,0.02180249,-0.8965968,0.2192498
4944,0.3860807,0.02171091,-0.8953531,0.2209369
4948,0.3882861,0.02155784,-0.8940686,0.2222846
4952,0.3907959,0.02140466,-0.8927185,0.2233251
4956,0.3935813,0.02119025,-0.8913072,0.2240899
4960,0.3966695,0.02097565,-0.889827,0.2245467
4964,0.3999797,0.02073084,-0.8883028,0.2247321
4968,0.4034068,0.02045512,-0.8867663,0.2247001
4972,0.4068368,0.02014892,-0.885236,0.2245778
4976,0.4101739,0.01978144,-0.8837341,0.224455
4980,0.4132665,0.01932211,-0.8822945,0.2244855
4984,0.4160533,0.01880155,-0.8809171,0.2247919
4988,0.4184426,0.01818916,-0.8796328,0.2254354
4992,0.4203705,0.01754606,-0.8784665,0.2264452
4996,0.4217501,0.01690308,-0.8774289,0.2279466
5000,0.4226097,0.01629073,-0.8765148,0.2299075
5004,0.4229119,0.01577001,-0.8757409,0.2323244
5008,0.4227632,0.01531085,-0.8750763,0.2351134
5012,0.4222045,0.01488188,-0.8745096,0.2382326
5016,0.4212221,0.01442248,-0.8740757,0.2415689
5020,0.4199423,0.01396337,-0.8737519,0.2449715
5024,0.4118566,0.01258536,-0.8718499,0.2647518
5029,0.4111598,0.01224875,-0.8714064,0.2672983
5033,0.4107297,0.01194249,-0.8709441,0.2694715
5037,0.4105096,0.01166673,-0.8704727,0.2713357
5041,0.4105478,0.01142197,-0.8699681,0.2729023
5045,0.4108186,0.01123811,-0.869468,0.2740934
5049,0.4113124,0.01105448,-0.8689556,0.274984
5053,0.4119563,0.01093202,-0.8684675,0.2755664
5057,0.4127435,0.01087053,-0.8679892,0.2758972
5061,0.4135506,0.0108402,-0.8675836,0.2759658
5065,0.414367,0.01087055,-0.867225,0.275867
5069,0.4151675,0.01096253,-0.8669277,0.2755943
5073,0.4158725,0.01105441,-0.8667149,0.2751967
5077,0.416515,0.01114626,-0.8665607,0.2747064
5081,0.4170373,0.0112688,-0.8664724,0.2741869
5085,0.4174288,0.01132986,-0.8664587,0.2736314
5089,0.4177445,0.01133012,-0.8664784,0.2730865
5093,0.4178936,0.01129939,-0.8665621,0.2725939
5097,0.4178658,0.01117698,-0.8667209,0.2721364
5101,0.4176138,0.01102368,-0.8669513,0.271795
5105,0.417156,0.01077875,-0.8672608,0.2715204
5109,0.4164816,0.01050314,-0.8676267,0.2713975
5113,0.4155686,0.01016644,-0.8680672,0.2714011
5117,0.4144632,0.009798908,-0.8685813,0.2714604
5121,0.4131801,0.009400896,-0.8691388,0.2716461
5125,0.411769,0.009002757,-0.869746,0.2718588
5129,0.4102331,0.008604576,-0.8704095,0.27207
5133,0.4000096,0.006399908,-0.8747051,0.2735731
5138,0.3982912,0.00615488,-0.8754628,0.2736625
5142,0.3965778,0.006001795,-0.8762314,0.2736941
5146,0.3948987,0.005879385,-0.8770083,0.2736364
5150,0.3932466,0.005818163,-0.8778077,0.2734537
5154,0.3916221,0.005848762,-0.8786004,0.2732382
5158,0.3900613,0.005910019,-0.8793986,0.272902
5162,0.3885315,0.006032527,-0.8801977,0.2725049
5166,0.3870225,0.006154879,-0.8810052,0.2720396
5170,0.3855551,0.006338648,-0.881807,0.2715207
5174,0.3841222,0.006522484,-0.8826176,0.2709127
5178,0.3827332,0.006706022,-0.8834189,0.2702619
5182,0.3813303,0.006920472,-0.8842281,0.2695922
5186,0.3799849,0.007104238,-0.8850288,0.2688587
5190,0.378605,0.00725731,-0.8858512,0.2680918
5194,0.3772939,0.007410529,-0.8866299,0.2673608
5198,0.3759684,0.007532842,-0.8874055,0.2666503
5202,0.3746563,0.0076248,-0.8881513,0.2660106
5206,0.3733036,0.007716554,-0.8889042,0.2653944
5210,0.3719938,0.007747318,-0.8896248,0.2648174
5214,0.3706698,0.007777788,-0.8903424,0.2642611
5218,0.3693285,0.007808538,-0.8910613,0.2637142
5222,0.3679803,0.007839141,-0.8917636,0.2632237
5226,0.3666048,0.007839194,-0.8924738,0.2627355
5230,0.3652222,0.007900339,-0.893167,0.2623035
5234,0.3638753,0.00796159,-0.8938416,0.2618751
5238,0.362554,0.008053352,-0.894504,0.261443
5242,0.3554235,0.009492659,-0.8983117,0.2581085
5247,0.3543181,0.009860031,-0.898947,0.2574019
5251,0.3532483,0.01025816,-0.8995644,0.2566991
5255,0.3522734,0.01065639,-0.9001589,0.2559372
5259,0.3513795,0.01105429,-0.9007565,0.2550449
5263,0.3504933,0.01142181,-0.9013736,0.2540663
5267,0.3496993,0.01178934,-0.9019609,0.2530574
5271,0.3489072,0.01215694,-0.9025532,0.2520192
5275,0.3481979,0.0124936,-0.903122,0.2509438
5279,0.3475271,0.01283054,-0.9036806,0.2498434
5283,0.3469096,0.01310595,-0.9042188,0.2487375
5287,0.3463914,0.01341226,-0.9047149,0.2476368
5291,0.3458997,0.01368778,-0.9052002,0.2465332
5295,0.3454413,0.01396341,-0.905662,0.2454621
5299,0.3450188,0.01426988,-0.9061068,0.2443947
5303,0.3446131,0.01457578,-0.9065462,0.2433175
5307,0.3442511,0.01488223,-0.9069892,0.2421578
5311,0.3439081,0.01524942,-0.9074323,0.2409592
5315,0.343601,0.01561684,-0.9078587,0.2397644
5319,0.3432957,0.01601495,-0.9082897,0.2385401
5323,0.3430556,0.01644388,-0.9087007,0.237288
5327,0.3428027,0.0168722,-0.9091086,0.2360577
5331,0.3425927,0.01733174,-0.9094875,0.2348665
5335,0.3423823,0.01776064,-0.9098653,0.2336749
5339,0.3421907,0.01821955,-0.910212,0.2325672
5343,0.3420084,0.01864832,-0.9105526,0.2314658
5347,0.3418006,0.01910801,-0.9108763,0.2304597
5351,0.3407313,0.02158853,-0.9125671,0.2250719
5356,0.3405099,0.02192492,-0.9128238,0.2243323
5360,0.3402318,0.02226159,-0.9130926,0.2236264
5364,0.3399583,0.02259856,-0.9133431,0.2229847
5368,0.3396259,0.02290508,-0.9136001,0.2224058
5372,0.339289,0.02318067,-0.9138449,0.2218852
5376,0.3389205,0.02342557,-0.914087,0.2214252
5380,0.3385544,0.02367063,-0.9143051,0.2210586
5384,0.3381544,0.02388486,-0.9145144,0.2207818
5388,0.3377541,0.02412967,-0.9147227,0.2205047
5392,0.3373611,0.02434438,-0.9149202,0.2202631
5396,0.3369952,0.02455885,-0.915108,0.2200191
5400,0.3366471,0.02474176,-0.9152918,0.2197668
5404,0.3362812,0.0249256,-0.9154798,0.2195229
5408,0.3359521,0.02507928,-0.9156539,0.2192829
