Packet number,Battery voltage (V),Thermometer (degrees C)
0,3.592529,35.92188
4,3.59082,35.92188
8,3.587646,35.95703
13,3.592529,35.92188
17,3.589355,35.92188
21,3.592529,35.86328
25,3.592529,35.92188
29,3.592529,35.95703
33,3.592529,35.98438
37,3.592529,35.92188
41,3.592529,35.95703
45,3.592529,35.92188
49,3.587646,35.89063
53,3.592529,35.92188
57,3.592529,35.86328
61,3.589355,35.92188
65,3.59082,35.98438
69,3.59082,35.89063
73,3.592529,35.92188
77,3.592529,35.92188
81,3.589355,35.89063
85,3.59082,35.92188
89,3.59082,35.95703
93,3.589355,35.98438
97,3.59082,35.92188
101,3.59082,35.95703
105,3.59082,35.92188
109,3.59082,35.95703
113,3.59082,35.89063
117,3.587646,35.92188
122,3.593994,35.95703
126,3.593994,35.92188
130,3.593994,35.95703
134,3.593994,35.95703
138,3.595703,35.92188
142,3.595703,35.95703
146,3.595703,35.98438
150,3.597412,35.95703
154,3.597412,35.89063
158,3.597412,35.92188
162,3.597412,35.89063
166,3.597412,35.98438
170,3.598877,35.95703
174,3.597412,35.89063
178,3.597412,35.98438
182,3.597412,35.89063
186,3.597412,35.98438
190,3.597412,35.89063
194,3.597412,35.89063
198,3.598877,35.98438
202,3.598877,35.95703
206,3.598877,35.92188
210,3.598877,35.92188
214,3.598877,35.95703
218,3.598877,35.92188
222,3.598877,35.95703
226,3.598877,35.92188
231,3.598877,35.92188
235,3.600586,35.95703
239,3.600586,35.92188
243,3.600586,35.89063
247,3.600586,35.92188
251,3.600586,35.92188
255,3.600586,35.95703
259,3.600586,35.92188
263,3.600586,35.95703
267,3.600586,35.92188
271,3.600586,35.92188
275,3.600586,35.89063
279,3.600586,35.92188
283,3.600586,35.89063
287,3.600586,35.98438
291,3.600586,35.98438
295,3.600586,35.89063
299,3.600586,35.92188
303,3.600586,35.89063
307,3.600586,35.92188
311,3.597412,35.92188
315,3.600586,35.95703
319,3.598877,35.92188
323,3.598877,35.89063
327,3.598877,35.95703
331,3.597412,35.92188
335,3.597412,35.95703
340,3.595703,35.92188
344,3.592529,35.95703
348,3.587646,35.89063
352,3.587646,35.92188
356,3.59082,35.95703
360,3.59082,35.92188
364,3.589355,35.95703
368,3.589355,35.92188
372,3.59082,35.92188
376,3.589355,35.95703
380,3.589355,35.92188
384,3.587646,35.95703
388,3.59082,35.89063
392,3.59082,35.92188
396,3.59082,35.95703
400,3.589355,35.86328
404,3.59082,35.89063
408,3.59082,35.92188
412,3.59082,35.98438
416,3.59082,35.89063
420,3.59082,35.98438
424,3.59082,35.92188
428,3.59082,35.89063
432,3.59082,35.92188
436,3.59082,35.95703
440,3.592529,35.92188
444,3.592529,35.92188
449,3.595703,35.95703
453,3.595703,35.92188
457,3.595703,35.95703
461,3.595703,35.92188
465,3.595703,35.92188
469,3.595703,35.92188
473,3.593994,35.92188
477,3.593994,35.89063
481,3.593994,35.92188
485,3.593994,35.98438
489,3.587646,35.95703
493,3.592529,35.92188
497,3.589355,35.89063
501,3.592529,35.92188
505,3.59082,35.92188
509,3.592529,35.89063
513,3.592529,35.98438
517,3.59082,35.89063
521,3.592529,35.95703
525,3.592529,35.98438
529,3.592529,35.89063
533,3.592529,35.92188
537,3.592529,35.89063
541,3.59082,35.95703
545,3.59082,35.92188
549,3.59082,35.89063
553,3.581299,35.92188
558,3.59082,35.89063
562,3.59082,35.95703
566,3.585938,35.92188
570,3.59082,35.89063
574,3.59082,35.98438
578,3.59082,35.95703
582,3.59082,35.89063
586,3.59082,35.98438
590,3.59082,35.89063
594,3.59082,35.92188
598,3.585938,35.95703
602,3.587646,35.89063
606,3.59082,35.92188
610,3.59082,35.95703
614,3.59082,35.92188
618,3.59082,35.92188
622,3.59082,35.95703
626,3.59082,35.92188
630,3.59082,35.95703
634,3.59082,35.86328
638,3.59082,35.92188
642,3.59082,35.89063
646,3.59082,35.92188
650,3.592529,35.89063
654,3.592529,35.86328
658,3.593994,35.98438
662,3.593994,35.95703
667,3.593994,35.92188
671,3.593994,35.89063
675,3.593994,35.98438
679,3.593994,35.92188
683,3.595703,35.95703
687,3.595703,35.92188
691,3.595703,35.95703
695,3.595703,35.92188
699,3.595703,35.92188
703,3.595703,35.95703
707,3.595703,35.92188
711,3.597412,35.89063
715,3.597412,35.92188
719,3.597412,35.92188
723,3.597412,35.95703
727,3.597412,35.92188
731,3.597412,35.89063
735,3.597412,35.89063
739,3.593994,35.92188
743,3.597412,35.89063
747,3.597412,35.92188
751,3.597412,35.89063
755,3.597412,35.98438
759,3.597412,35.92188
763,3.598877,35.89063
767,3.598877,35.98438
771,3.598877,35.95703
776,3.598877,35.92188
780,3.600586,35.86328
784,3.600586,35.89063
788,3.600586,35.92188
792,3.600586,35.95703
796,3.600586,35.89063
800,3.600586,35.92188
804,3.600586,35.89063
808,3.600586,35.92188
812,3.600586,35.89063
816,3.600586,35.98438
820,3.600586,35.92188
824,3.600586,35.89063
828,3.600586,35.92188
832,3.600586,35.92188
836,3.600586,35.89063
840,3.600586,35.92188
844,3.600586,35.89063
848,3.595703,35.92188
852,3.600586,35.92188
856,3.600586,35.98438
860,3.600586,35.92188
864,3.600586,36.01563
868,3.600586,35.92188
872,3.600586,35.92188
876,3.600586,35.95703
880,3.598877,35.92188
885,3.597412,35.95703
889,3.597412,35.92188
893,3.59082,35.98438
897,3.592529,36.01563
901,3.593994,35.92188
905,3.592529,35.95703
909,3.589355,35.98438
913,3.59082,35.86328
917,3.59082,35.95703
921,3.587646,35.92188
925,3.584473,35.89063
929,3.59082,35.98438
933,3.59082,35.98438
937,3.587646,35.95703
941,3.59082,35.92188
945,3.59082,35.95703
949,3.59082,35.89063
953,3.59082,35.92188
957,3.59082,35.89063
961,3.592529,35.92188
965,3.592529,35.95703
969,3.593994,35.89063
973,3.593994,35.98438
977,3.593994,35.95703
981,3.593994,35.92188
985,3.595703,35.89063
989,3.595703,35.95703
994,3.597412,35.92188
998,3.597412,35.89063
1002,3.595703,35.98438
1006,3.595703,35.89063
1010,3.59082,35.95703
1014,3.595703,35.98438
1018,3.593994,35.95703
1022,3.593994,35.92188
1026,3.593994,35.92188
1030,3.595703,35.89063
1034,3.593994,35.98438
1038,3.593994,35.95703
1042,3.587646,35.98438
1046,3.593994,35.98438
1050,3.592529,35.89063
1054,3.592529,35.92188
1058,3.592529,35.89063
1062,3.593994,35.98438
1066,3.592529,35.92188
1070,3.587646,35.89063
1074,3.587646,35.92188
1078,3.592529,35.95703
1082,3.59082,35.92188
1086,3.59082,35.92188
1090,3.59082,35.95703
1094,3.59082,35.98438
1098,3.592529,35.89063
1103,3.593994,35.92188
1107,3.593994,35.92188
1111,3.593994,35.95703
1115,3.59082,35.92188
1119,3.592529,35.95703
1123,3.593994,35.92188
1127,3.589355,35.92188
1131,3.592529,35.95703
1135,3.592529,35.92188
1139,3.592529,35.95703
1143,3.582764,35.95703
1147,3.59082,35.98438
1151,3.592529,35.83203
1155,3.592529,35.92188
1159,3.592529,36.01563
1163,3.593994,35.92188
1167,3.593994,35.92188
1171,3.593994,35.95703
1175,3.593994,35.92188
1179,3.593994,35.95703
1183,3.593994,35.95703
1187,3.592529,35.92188
1191,3.593994,35.89063
1195,3.592529,35.92188
1199,3.592529,35.95703
1203,3.592529,35.86328
1207,3.587646,35.92188
1212,3.59082,35.89063
1216,3.593994,35.92188
1220,3.587646,35.95703
1224,3.592529,35.92188
1228,3.592529,35.92188
1232,3.593994,35.89063
1236,3.593994,35.92188
1240,3.593994,35.89063
1244,3.593994,35.95703
1248,3.593994,35.92188
1252,3.595703,35.95703
1256,3.595703,35.98438
1260,3.595703,35.92188
1264,3.597412,35.92188
1268,3.597412,35.86328
1272,3.597412,35.89063
1276,3.597412,35.86328
1280,3.597412,35.98438
1284,3.597412,35.89063
1288,3.597412,35.92188
1292,3.597412,35.95703
1296,3.597412,35.92188
1300,3.597412,35.92188
1304,3.597412,35.92188
1308,3.597412,35.92188
1312,3.598877,35.95703
1316,3.598877,35.86328
1321,3.598877,35.92188
1325,3.598877,35.92188
1329,3.598877,35.98438
1333,3.598877,35.89063
1337,3.598877,35.92188
1341,3.600586,35.92188
1345,3.598877,35.89063
1349,3.598877,35.86328
1353,3.600586,35.95703
1357,3.600586,35.89063
1361,3.598877,35.92188
1365,3.600586,35.89063
1369,3.600586,35.92188
1373,3.600586,35.95703
1377,3.600586,35.95703
1381,3.598877,35.86328
1385,3.598877,36.01563
1389,3.598877,35.92188
1393,3.598877,35.95703
1397,3.598877,35.89063
1401,3.600586,35.92188
1405,3.600586,35.89063
1409,3.600586,35.92188
1413,3.598877,35.95703
1417,3.598877,35.89063
1421,3.598877,35.92188
1425,3.595703,35.89063
1430,3.595703,35.98438
1434,3.595703,35.89063
1438,3.59082,35.89063
1442,3.589355,35.98438
1446,3.59082,35.95703
1450,3.59082,35.98438
1454,3.589355,35.92188
1458,3.59082,35.95703
1462,3.589355,36.04297
1466,3.59082,35.89063
1470,3.59082,35.92188
1474,3.59082,35.86328
1478,3.59082,35.95703
1482,3.59082,35.92188
1486,3.59082,35.95703
1490,3.592529,35.86328
1494,3.592529,35.98438
1498,3.592529,35.89063
1502,3.593994,35.92188
1506,3.593994,35.95703
1510,3.593994,35.86328
1514,3.595703,35.92188
1518,3.595703,35.95703
1522,3.595703,35.92188
1526,3.595703,35.89063
1530,3.595703,35.92188
1534,3.593994,35.98438
1539,3.593994,35.89063
1543,3.593994,35.92188
1547,3.593994,35.89063
1551,3.589355,35.89063
1555,3.587646,35.98438
1559,3.592529,35.89063
1563,3.59082,35.86328
1567,3.592529,35.89063
1571,3.59082,35.92188
1575,3.592529,35.92188
1579,3.59082,35.95703
1583,3.587646,35.92188
1587,3.59082,35.89063
1591,3.592529,35.89063
1595,3.59082,35.92188
1599,3.59082,35.95703
1603,3.592529,35.92188
1607,3.59082,35.89063
1611,3.59082,35.86328
1615,3.587646,35.92188
1619,3.589355,35.95703
1623,3.592529,35.92188
1627,3.59082,35.89063
1631,3.59082,35.95703
1635,3.59082,35.92188
1639,3.592529,35.89063
1643,3.587646,35.92188
1648,3.59082,35.95703
1652,3.592529,35.89063
1656,3.587646,35.98438
1660,3.59082,35.95703
1664,3.59082,35.86328
1668,3.59082,35.98438
1672,3.59082,35.92188
1676,3.59082,35.92188
1680,3.59082,35.95703
1684,3.59082,35.92188
1688,3.589355,35.92188
1692,3.587646,35.89063
1696,3.59082,35.92188
1700,3.587646,35.95703
1704,3.59082,35.92188
1708,3.59082,35.92188
1712,3.59082,35.92188
1716,3.59082,35.92188
1720,3.59082,35.95703
1724,3.581299,35.98438
1728,3.59082,35.92188
1732,3.59082,35.95703
1736,3.59082,35.92188
1740,3.59082,35.89063
1744,3.592529,35.98438
1748,3.592529,35.86328
1752,3.592529,35.92188
1757,3.595703,35.92188
1761,3.595703,35.89063
1765,3.595703,35.92188
1769,3.595703,35.92188
1773,3.592529,35.95703
1777,3.595703,35.92188
1781,3.595703,35.95703
1785,3.595703,35.89063
1789,3.593994,35.92188
1793,3.593994,35.95703
1797,3.593994,35.92188
1801,3.593994,35.89063
1805,3.595703,35.95703
1809,3.595703,35.92188
1813,3.595703,35.89063
1817,3.595703,35.86328
1821,3.595703,35.95703
1825,3.595703,35.89063
1829,3.595703,35.98438
1833,3.597412,35.95703
1837,3.597412,35.86328
1841,3.597412,35.89063
1845,3.597412,35.89063
1849,3.597412,35.92188
1853,3.598877,35.89063
1857,3.597412,35.92188
1861,3.597412,35.89063
1866,3.598877,35.89063
1870,3.598877,35.98438
1874,3.598877,35.95703
1878,3.598877,35.92188
1882,3.598877,35.92188
1886,3.598877,35.89063
1890,3.598877,35.92188
1894,3.598877,35.95703
1898,3.597412,35.86328
1902,3.597412,35.92188
1906,3.597412,35.95703
1910,3.595703,35.92188
1914,3.595703,35.83203
1918,3.592529,35.86328
1922,3.595703,35.98438
1926,3.595703,35.95703
1930,3.593994,35.92188
1934,3.593994,35.95703
1938,3.593994,35.92188
1942,3.595703,35.92188
1946,3.595703,35.89063
1950,3.595703,35.92188
1954,3.595703,35.83203
1958,3.595703,35.86328
1962,3.593994,35.92188
1966,3.587646,35.95703
1970,3.592529,35.92188
1975,3.59082,35.89063
1979,3.59082,35.92188
1983,3.59082,35.92188
1987,3.59082,35.95703
1991,3.59082,35.86328
1995,3.592529,35.95703
1999,3.592529,35.89063
2003,3.592529,35.92188
2007,3.593994,35.89063
2011,3.593994,35.92188
2015,3.593994,35.89063
2019,3.595703,35.92188
2023,3.595703,35.86328
2027,3.595703,35.89063
2031,3.595703,35.92188
2035,3.595703,35.89063
2039,3.597412,35.95703
2043,3.597412,35.92188
2047,3.597412,35.95703
2051,3.597412,35.92188
2055,3.592529,35.95703
2059,3.595703,35.92188
2063,3.595703,35.92188
2067,3.595703,35.89063
2071,3.595703,35.86328
2075,3.593994,35.95703
2079,3.593994,35.89063
2084,3.593994,35.92188
2088,3.592529,35.89063
2092,3.592529,35.86328
2096,3.589355,35.92188
2100,3.59082,35.89063
2104,3.59082,35.86328
2108,3.59082,35.95703
2112,3.59082,35.86328
2116,3.59082,35.92188
2120,3.59082,35.92188
2124,3.592529,35.92188
2128,3.582764,35.95703
2132,3.59082,35.92188
2136,3.59082,35.92188
2140,3.59082,35.95703
2144,3.59082,35.86328
2148,3.59082,35.89063
2152,3.59082,35.92188
2156,3.592529,35.92188
2160,3.59082,35.92188
2164,3.59082,35.92188
2168,3.59082,35.89063
2172,3.592529,35.86328
2176,3.592529,35.86328
2180,3.592529,35.89063
2184,3.592529,35.98438
2188,3.593994,35.89063
2193,3.59082,35.83203
2197,3.592529,35.92188
2201,3.593994,35.95703
2205,3.59082,35.86328
2209,3.585938,35.95703
2213,3.585938,35.89063
2217,3.59082,35.92188
2221,3.59082,35.89063
2225,3.59082,35.92188
2229,3.59082,35.95703
2233,3.59082,35.89063
2237,3.587646,35.92188
2241,3.59082,35.83203
2245,3.59082,35.92188
2249,3.59082,35.89063
2253,3.59082,35.95703
2257,3.59082,35.92188
2261,3.59082,35.95703
2265,3.59082,35.92188
2269,3.592529,35.89063
2273,3.592529,35.89063
2277,3.593994,35.86328
2281,3.593994,35.89063
2285,3.593994,35.92188
2289,3.593994,35.95703
2293,3.593994,35.89063
2297,3.595703,35.92188
2302,3.593994,35.89063
2306,3.593994,35.92188
2310,3.593994,35.92188
2314,3.587646,35.89063
2318,3.593994,35.86328
2322,3.593994,35.89063
2326,3.59082,35.86328
2330,3.592529,35.86328
2334,3.592529,35.95703
2338,3.592529,35.92188
2342,3.592529,35.89063
2346,3.589355,35.92188
2350,3.592529,35.86328
2354,3.592529,35.89063
2358,3.593994,35.92188
2362,3.593994,35.89063
2366,3.593994,35.92188
2370,3.593994,35.92188
2374,3.595703,35.89063
2378,3.595703,35.92188
2382,3.595703,35.95703
2386,3.595703,35.86328
2390,3.597412,35.86328
2394,3.597412,35.89063
2398,3.597412,35.92188
2402,3.597412,35.89063
2406,3.597412,35.92188
2411,3.597412,35.92188
2415,3.597412,35.89063
2419,3.597412,35.92188
2423,3.597412,35.95703
2427,3.597412,35.92188
2431,3.598877,35.92188
2435,3.598877,35.89063
2439,3.598877,35.92188
2443,3.598877,35.89063
2447,3.598877,35.95703
2451,3.600586,35.86328
2455,3.597412,35.95703
2459,3.592529,35.92188
2463,3.593994,35.95703
2467,3.597412,35.92188
2471,3.595703,35.92188
2475,3.595703,35.95703
2479,3.595703,35.92188
2483,3.595703,35.89063
2487,3.595703,35.89063
2491,3.595703,35.92188
2495,3.597412,35.89063
2499,3.597412,35.92188
2503,3.597412,35.89063
2507,3.597412,35.86328
2511,3.597412,35.92188
2515,3.595703,35.89063
2520,3.595703,35.92188
2524,3.595703,35.92188
2528,3.595703,35.92188
2532,3.595703,35.92188
2536,3.597412,35.95703
2540,3.597412,35.92188
2544,3.597412,35.92188
2548,3.597412,35.95703
2552,3.597412,35.92188
2556,3.597412,35.95703
2560,3.598877,35.92188
2564,3.598877,35.98438
2568,3.592529,35.98438
2572,3.59082,35.86328
2576,3.595703,35.89063
2580,3.595703,35.92188
2584,3.595703,35.86328
2588,3.593994,35.89063
2592,3.593994,35.92188
2596,3.59082,35.95703
2600,3.593994,35.92188
2604,3.593994,35.92188
2608,3.59082,35.89063
2612,3.593994,35.92188
2616,3.592529,35.95703
2620,3.592529,35.95703
2624,3.587646,35.92188
2629,3.59082,35.89063
2633,3.59082,35.98438
2637,3.592529,35.95703
2641,3.59082,35.89063
2645,3.59082,35.92188
2649,3.59082,35.89063
2653,3.59082,35.92188
2657,3.59082,35.89063
2661,3.59082,35.89063
2665,3.59082,35.92188
2669,3.592529,35.95703
2673,3.59082,35.92188
2677,3.59082,35.89063
2681,3.59082,35.95703
2685,3.59082,35.86328
2689,3.59082,35.95703
2693,3.59082,35.98438
2697,3.59082,35.95703
2701,3.592529,35.89063
2705,3.585938,35.92188
2709,3.585938,35.95703
2713,3.59082,35.86328
2717,3.59082,35.89063
2721,3.59082,35.89063
2725,3.59082,35.92188
2729,3.59082,35.95703
2733,3.59082,35.86328
2738,3.59082,35.92188
2742,3.59082,35.89063
2746,3.59082,35.92188
2750,3.59082,35.95703
2754,3.587646,35.92188
2758,3.59082,35.92188
2762,3.59082,35.89063
2766,3.59082,35.92188
2770,3.589355,35.89063
2774,3.59082,35.92188
2778,3.59082,35.92188
2782,3.59082,35.95703
2786,3.592529,35.92188
2790,3.592529,35.89063
2794,3.592529,35.92188
2798,3.593994,35.92188
2802,3.593994,35.95703
2806,3.593994,35.92188
2810,3.593994,35.89063
2814,3.595703,35.92188
2818,3.593994,35.92188
2822,3.595703,35.89063
2826,3.595703,35.86328
2830,3.595703,35.89063
2834,3.595703,35.89063
2838,3.595703,35.98438
2842,3.593994,35.95703
2847,3.593994,35.92188
2851,3.592529,35.89063
2855,3.593994,35.89063
2859,3.59082,35.92188
2863,3.592529,35.89063
2867,3.587646,35.92188
2871,3.589355,35.89063
2875,3.592529,35.92188
2879,3.59082,35.86328
2883,3.59082,35.89063
2887,3.592529,35.86328
2891,3.59082,35.83203
2895,3.59082,35.89063
2899,3.587646,35.92188
2903,3.59082,35.89063
2907,3.59082,35.92188
2911,3.59082,35.83203
2915,3.592529,35.86328
2919,3.592529,35.86328
2923,3.592529,35.89063
2927,3.592529,35.92188
2931,3.593994,35.86328
2935,3.593994,35.89063
2939,3.593994,35.92188
2943,3.593994,35.89063
2947,3.595703,35.92188
2951,3.595703,35.98438
2956,3.597412,35.89063
2960,3.597412,35.86328
2964,3.597412,35.89063
2968,3.597412,35.86328
2972,3.597412,35.98438
2976,3.597412,35.92188
2980,3.597412,35.92188
2984,3.597412,35.83203
2988,3.597412,35.92188
2992,3.598877,35.86328
2996,3.597412,35.95703
3000,3.598877,35.92188
3004,3.598877,35.89063
3008,3.593994,35.86328
3012,3.598877,35.86328
3016,3.597412,35.89063
3020,3.597412,35.92188
3024,3.597412,35.95703
3028,3.597412,35.92188
3032,3.597412,35.86328
3036,3.597412,35.89063
3040,3.597412,35.92188
3044,3.593994,35.89063
3048,3.597412,35.89063
3052,3.597412,35.86328
3056,3.597412,35.95703
3060,3.597412,35.92188
3065,3.598877,35.89063
3069,3.598877,35.89063
3073,3.598877,35.92188
3077,3.598877,35.89063
3081,3.595703,35.92188
3085,3.598877,35.89063
3089,3.593994,35.95703
3093,3.598877,35.92188
3097,3.597412,35.89063
3101,3.597412,35.92188
3105,3.597412,35.89063
3109,3.595703,35.89063
3113,3.595703,35.86328
3117,3.592529,35.83203
3121,3.59082,35.92188
3125,3.59082,35.89063
3129,3.592529,35.95703
3133,3.593994,35.86328
3137,3.593994,35.89063
3141,3.592529,35.86328
3145,3.592529,35.92188
3149,3.589355,35.89063
3153,3.59082,35.92188
3157,3.59082,35.89063
3161,3.59082,35.86328
3165,3.59082,35.86328
3169,3.59082,35.89063
3174,3.59082,35.92188
3178,3.59082,35.89063
3182,3.59082,35.86328
3186,3.592529,35.86328
3190,3.59082,35.89063
3194,3.587646,35.86328
3198,3.59082,35.95703
3202,3.59082,35.92188
3206,3.59082,35.92188
3210,3.59082,35.89063
3214,3.59082,35.98438
3218,3.592529,35.89063
3222,3.59082,35.92188
3226,3.59082,35.98438
3230,3.592529,35.89063
3234,3.592529,35.92188
3238,3.592529,35.89063
3242,3.592529,35.89063
3246,3.593994,35.92188
3250,3.593994,35.89063
3254,3.589355,35.92188
3258,3.587646,35.89063
3262,3.592529,35.92188
3266,3.592529,35.92188
3270,3.592529,35.89063
3274,3.592529,35.92188
3278,3.592529,35.95703
3283,3.59082,35.92188
3287,3.59082,35.92188
3291,3.59082,35.89063
3295,3.59082,35.92188
3299,3.59082,35.89063
3303,3.592529,35.89063
3307,3.592529,35.92188
3311,3.593994,35.89063
3315,3.593994,35.86328
3319,3.593994,35.89063
3323,3.593994,35.86328
3327,3.593994,35.86328
3331,3.595703,35.89063
3335,3.595703,35.92188
3339,3.595703,35.89063
3343,3.597412,35.89063
3347,3.595703,35.92188
3351,3.597412,35.95703
3355,3.597412,35.92188
3359,3.597412,35.86328
3363,3.595703,35.86328
3367,3.592529,35.92188
3371,3.59082,35.89063
3375,3.595703,35.86328
3379,3.593994,35.86328
3383,3.593994,35.89063
3387,3.593994,35.92188
3392,3.593994,35.89063
3396,3.592529,35.98438
3400,3.592529,35.86328
3404,3.592529,35.89063
3408,3.592529,35.92188
3412,3.587646,35.89063
3416,3.592529,35.92188
3420,3.592529,35.86328
3424,3.59082,35.95703
3428,3.592529,35.92188
3432,3.592529,35.89063
3436,3.59082,35.92188
3440,3.585938,35.92188
3444,3.587646,35.89063
3448,3.59082,35.86328
3452,3.592529,35.89063
3456,3.59082,35.89063
3460,3.59082,35.86328
3464,3.59082,35.89063
3468,3.59082,35.86328
3472,3.585938,35.95703
3476,3.59082,35.89063
3480,3.592529,35.92188
3484,3.592529,35.83203
3488,3.592529,35.86328
3492,3.593994,35.95703
3496,3.593994,35.89063
3501,3.595703,35.98438
3505,3.597412,35.89063
3509,3.597412,35.92188
3513,3.597412,35.95703
3517,3.597412,35.89063
3521,3.592529,35.92188
3525,3.597412,35.83203
3529,3.597412,35.92188
3533,3.597412,35.89063
3537,3.597412,35.89063
3541,3.597412,35.86328
3545,3.597412,35.95703
3549,3.597412,35.92188
3553,3.597412,35.89063
3557,3.597412,35.89063
3561,3.598877,35.86328
3565,3.597412,35.89063
3569,3.597412,35.92188
3573,3.597412,35.86328
3577,3.598877,35.89063
3581,3.598877,35.92188
3585,3.598877,35.83203
3589,3.598877,35.92188
3593,3.598877,35.86328
3597,3.598877,35.89063
3601,3.598877,35.92188
3605,3.598877,35.89063
3610,3.600586,35.86328
3614,3.600586,35.92188
3618,3.598877,35.95703
3622,3.598877,35.86328
3626,3.598877,35.89063
3630,3.598877,35.92188
3634,3.600586,35.92188
3638,3.600586,35.89063
3642,3.598877,35.92188
3646,3.598877,35.89063
3650,3.598877,35.86328
3654,3.597412,35.92188
3658,3.597412,35.89063
3662,3.592529,35.92188
3666,3.597412,35.89063
3670,3.597412,35.92188
3674,3.595703,35.98438
3678,3.595703,35.89063
3682,3.595703,35.92188
3686,3.595703,35.95703
3690,3.592529,35.89063
3694,3.59082,35.92188
3698,3.59082,35.89063
3702,3.589355,35.92188
3706,3.587646,35.95703
3710,3.585938,35.92188
3714,3.589355,35.92188
3719,3.589355,35.89063
3723,3.589355,35.92188
3727,3.589355,35.89063
3731,3.59082,35.92188
3735,3.587646,35.92188
3739,3.589355,35.95703
3743,3.59082,35.92188
3747,3.59082,35.89063
3751,3.59082,35.95703
3755,3.59082,35.92188
3759,3.59082,35.89063
3763,3.59082,35.92188
3767,3.587646,35.86328
3771,3.587646,35.92188
3775,3.59082,35.92188
3779,3.592529,35.89063
3783,3.59082,35.86328
3787,3.59082,35.98438
3791,3.59082,35.95703
3795,3.592529,35.86328
3799,3.59082,35.89063
3803,3.59082,35.86328
3807,3.59082,35.92188
3811,3.59082,35.92188
3815,3.59082,35.86328
3819,3.59082,35.89063
3823,3.59082,35.92188
3828,3.593994,35.92188
3832,3.593994,35.92188
3836,3.593994,35.86328
3840,3.593994,35.89063
3844,3.595703,35.92188
3848,3.595703,35.92188
3852,3.595703,35.89063
3856,3.597412,35.86328
3860,3.597412,35.89063
3864,3.595703,35.92188
3868,3.597412,35.92188
3872,3.597412,35.95703
3876,3.597412,35.92188
3880,3.592529,35.95703
3884,3.595703,35.89063
3888,3.595703,35.92188
3892,3.59082,35.95703
3896,3.592529,35.98438
3900,3.592529,35.89063
3904,3.592529,35.95703
3908,3.592529,35.98438
3912,3.587646,35.95703
3916,3.592529,35.92188
3920,3.592529,35.89063
3924,3.59082,35.89063
3928,3.59082,35.92188
3932,3.592529,35.95703
3937,3.59082,35.86328
3941,3.592529,35.89063
3945,3.59082,35.89063
3949,3.59082,35.92188
3953,3.589355,35.89063
3957,3.59082,35.92188
3961,3.59082,35.89063
3965,3.587646,35.89063
3969,3.59082,35.92188
3973,3.59082,35.95703
3977,3.59082,35.92188
3981,3.59082,35.86328
3985,3.59082,35.83203
3989,3.585938,35.92188
3993,3.59082,35.95703
3997,3.59082,35.92188
4001,3.59082,35.92188
4005,3.59082,35.89063
4009,3.59082,35.92188
4013,3.59082,35.89063
4017,3.585938,35.92188
4021,3.584473,35.92188
4025,3.59082,35.89063
4029,3.59082,35.92188
4033,3.59082,35.83203
4037,3.59082,35.92188
4041,3.592529,35.86328
4046,3.595703,35.95703
4050,3.593994,35.92188
4054,3.595703,35.89063
4058,3.595703,35.86328
4062,3.597412,35.92188
4066,3.597412,35.89063
4070,3.597412,35.92188
4074,3.597412,35.95703
4078,3.597412,35.86328
4082,3.597412,35.92188
4086,3.597412,35.89063
4090,3.597412,35.92188
4094,3.597412,35.89063
4098,3.597412,35.89063
4102,3.597412,35.86328
4106,3.597412,35.89063
4110,3.597412,35.92188
4114,3.597412,35.89063
4118,3.597412,35.92188
4122,3.597412,35.92188
4126,3.597412,35.83203
4130,3.597412,35.92188
4134,3.597412,35.83203
4138,3.598877,35.95703
4142,3.598877,35.86328
4146,3.597412,35.89063
4150,3.597412,35.92188
4155,3.598877,35.89063
4159,3.598877,35.89063
4163,3.600586,35.92188
4167,3.598877,35.89063
4171,3.598877,35.86328
4175,3.600586,35.89063
4179,3.600586,35.92188
4183,3.600586,35.92188
4187,3.600586,35.89063
4191,3.600586,35.86328
4195,3.598877,35.86328
4199,3.598877,35.89063
4203,3.598877,35.92188
4207,3.598877,35.95703
4211,3.600586,35.92188
4215,3.593994,35.92188
4219,3.598877,35.92188
4223,3.597412,35.86328
4227,3.597412,35.89063
4231,3.597412,35.92188
4235,3.595703,35.86328
4239,3.597412,35.89063
4243,3.595703,35.86328
4247,3.592529,35.89063
4251,3.595703,35.86328
4255,3.595703,35.92188
4259,3.593994,35.92188
4264,3.587646,35.92188
4268,3.582764,35.89063
4272,3.582764,35.92188
4276,3.587646,35.98438
4280,3.587646,35.83203
4284,3.587646,35.92188
4288,3.582764,35.89063
4292,3.587646,35.95703
4296,3.589355,35.92188
4300,3.587646,35.89063
4304,3.587646,35.98438
4308,3.589355,35.89063
4312,3.587646,35.89063
4316,3.589355,35.92188
4320,3.584473,35.89063
4324,3.589355,35.92188
4328,3.589355,35.89063
4332,3.589355,35.89063
4336,3.589355,35.92188
4340,3.589355,35.83203
4344,3.589355,35.92188
4348,3.577881,35.89063
4352,3.589355,35.95703
4356,3.59082,35.92188
4360,3.59082,35.95703
4364,3.59082,35.86328
4368,3.592529,35.89063
4373,3.593994,35.95703
4377,3.593994,35.92188
4381,3.595703,35.89063
4385,3.595703,35.92188
4389,3.595703,35.92188
4393,3.595703,35.89063
4397,3.59082,35.92188
4401,3.595703,35.95703
4405,3.595703,35.92188
4409,3.593994,35.86328
4413,3.593994,35.89063
4417,3.593994,35.92188
4421,3.593994,35.89063
4425,3.589355,35.86328
4429,3.593994,35.86328
4433,3.59082,35.95703
4437,3.593994,35.92188
4441,3.593994,35.89063
4445,3.592529,35.92188
4449,3.593994,35.92188
4453,3.593994,35.89063
4457,3.592529,35.86328
4461,3.592529,35.89063
4465,3.589355,35.86328
4469,3.592529,35.92188
4473,3.592529,35.89063
4477,3.59082,35.86328
4482,3.59082,35.89063
4486,3.592529,35.92188
4490,3.592529,35.92188
4494,3.59082,35.89063
4498,3.592529,35.86328
4502,3.59082,35.83203
4506,3.59082,35.89063
4510,3.589355,35.86328
4514,3.59082,35.95703
4518,3.59082,35.92188
4522,3.59082,35.95703
4526,3.59082,35.86328
4530,3.59082,35.86328
4534,3.59082,35.95703
4538,3.592529,35.86328
4542,3.592529,35.95703
4546,3.593994,35.89063
4550,3.593994,35.92188
4554,3.592529,35.95703
4558,3.592529,35.98438
4562,3.593994,35.89063
4566,3.592529,35.92188
4570,3.593994,35.92188
4574,3.593994,35.89063
4578,3.593994,35.98438
4582,3.593994,35.89063
4586,3.593994,35.95703
4591,3.597412,35.92188
4595,3.595703,35.89063
4599,3.597412,35.92188
4603,3.597412,35.92188
4607,3.597412,35.95703
4611,3.597412,35.92188
4615,3.597412,35.89063
4619,3.597412,35.92188
4623,3.597412,35.92188
4627,3.597412,35.86328
4631,3.598877,35.86328
4635,3.598877,35.89063
4639,3.598877,35.86328
4643,3.593994,35.92188
4647,3.598877,35.89063
4651,3.598877,35.86328
4655,3.598877,35.95703
4659,3.598877,35.92188
4663,3.598877,35.92188
4667,3.598877,35.92188
4671,3.598877,35.92188
4675,3.598877,35.89063
4679,3.598877,35.92188
4683,3.598877,35.86328
4687,3.600586,35.89063
4691,3.598877,35.98438
4695,3.600586,35.95703
4700,3.600586,35.95703
4704,3.600586,35.92188
4708,3.600586,35.89063
4712,3.600586,35.86328
4716,3.600586,35.89063
4720,3.600586,35.89063
4724,3.600586,35.86328
4728,3.600586,35.95703
4732,3.593994,35.92188
4736,3.598877,35.89063
4740,3.598877,35.83203
4744,3.600586,35.86328
4748,3.600586,35.89063
4752,3.600586,35.98438
4756,3.593994,35.95703
4760,3.593994,35.89063
4764,3.598877,35.92188
4768,3.597412,35.89063
4772,3.597412,35.86328
4776,3.597412,35.89063
4780,3.595703,35.89063
4784,3.595703,35.86328
4788,3.592529,35.89063
4792,3.595703,35.86328
4796,3.595703,35.89063
4800,3.593994,35.89063
4804,3.593994,35.92188
4809,3.589355,35.89063
4813,3.585938,35.86328
4817,3.589355,35.92188
4821,3.589355,35.95703
4825,3.587646,35.86328
4829,3.584473,35.89063
4833,3.582764,35.86328
4837,3.589355,35.86328
4841,3.587646,35.95703
4845,3.589355,35.86328
4849,3.589355,35.89063
4853,3.589355,35.92188
4857,3.589355,35.86328
4861,3.584473,35.89063
4865,3.589355,35.92188
4869,3.589355,35.83203
4873,3.585938,35.86328
4877,3.59082,35.86328
4881,3.59082,35.89063
4885,3.59082,35.86328
4889,3.59082,35.95703
4893,3.592529,35.86328
4897,3.592529,35.92188
4901,3.593994,35.83203
4905,3.593994,35.86328
4909,3.593994,35.89063
4913,3.593994,35.86328
4918,3.597412,35.86328
4922,3.597412,35.83203
4926,3.597412,35.92188
4930,3.595703,35.89063
4934,3.597412,35.86328
4938,3.595703,35.86328
4942,3.595703,35.95703
4946,3.589355,35.92188
4950,3.593994,35.95703
4954,3.593994,35.89063
4958,3.593994,35.80078
4962,3.593994,35.89063
4966,3.595703,35.86328
4970,3.592529,35.89063
4974,3.593994,35.92188
4978,3.59082,35.92188
4982,3.593994,35.95703
4986,3.593994,35.86328
4990,3.592529,35.83203
4994,3.592529,35.83203
4998,3.593994,35.86328
5002,3.592529,35.89063
5006,3.589355,35.92188
5010,3.589355,35.83203
5014,3.592529,35.86328
5018,3.59082,35.92188
5022,3.592529,35.89063
5027,3.592529,35.86328
5031,3.59082,35.86328
5035,3.59082,35.92188
5039,3.59082,35.86328
5043,3.592529,35.89063
5047,3.59082,35.92188
5051,3.587646,35.86328
5055,3.59082,35.83203
5059,3.592529,35.86328
5063,3.59082,35.89063
5067,3.59082,35.92188
5071,3.59082,35.92188
5075,3.592529,35.92188
5079,3.585938,35.86328
5083,3.585938,35.89063
5087,3.59082,35.86328
5091,3.59082,35.92188
5095,3.59082,35.89063
5099,3.589355,35.92188
5103,3.59082,35.89063
5107,3.592529,35.86328
5111,3.587646,35.86328
5115,3.59082,35.89063
5119,3.59082,35.92188
5123,3.59082,35.89063
5127,3.59082,35.92188
5131,3.59082,35.92188
5136,3.592529,35.89063
5140,3.592529,35.92188
5144,3.592529,35.89063
5148,3.593994,35.89063
5152,3.593994,35.92188
5156,3.593994,35.95703
5160,3.593994,35.92188
5164,3.595703,35.89063
5168,3.595703,35.83203
5172,3.595703,35.92188
5176,3.595703,35.83203
5180,3.597412,35.92188
5184,3.595703,35.95703
5188,3.597412,35.89063
5192,3.59082,35.86328
5196,3.595703,35.95703
5200,3.597412,35.92188
5204,3.597412,35.89063
5208,3.597412,35.83203
5212,3.597412,35.92188
5216,3.595703,35.89063
5220,3.597412,35.86328
5224,3.597412,35.89063
5228,3.597412,35.89063
5232,3.597412,35.86328
5236,3.597412,35.89063
5240,3.597412,35.86328
5245,3.598877,35.86328
5249,3.598877,35.89063
5253,3.597412,35.98438
5257,3.598877,35.89063
5261,3.598877,35.92188
5265,3.598877,35.92188
5269,3.598877,35.95703
5273,3.598877,35.92188
5277,3.600586,35.89063
5281,3.600586,35.92188
5285,3.598877,35.92188
5289,3.600586,35.89063
5293,3.600586,35.92188
5297,3.598877,35.89063
5301,3.598877,35.86328
5305,3.598877,35.92188
5309,3.600586,35.95703
5313,3.600586,35.92188
5317,3.598877,35.89063
5321,3.598877,35.86328
5325,3.597412,35.92188
5329,3.595703,35.89063
5333,3.59082,35.92188
5337,3.597412,35.95703
5341,3.592529,35.89063
5345,3.595703,35.92188
5349,3.595703,35.89063
5354,3.592529,35.86328
5358,3.59082,35.89063
5362,3.584473,35.89063
5366,3.587646,35.86328
5370,3.587646,35.89063
5374,3.587646,35.92188
5378,3.589355,35.95703
5382,3.589355,35.92188
5386,3.584473,35.86328
5390,3.589355,35.89063
5394,3.589355,35.86328
5398,3.589355,35.89063
5402,3.589355,35.95703
5406,3.589355,35.86328
5410,3.589355,35.95703
