Packet number,Year,Month,Day,Hours,Minutes,Seconds
3,2019,3,7,14,43,4
7,2019,3,7,14,43,4
12,2019,3,7,14,43,4
16,2019,3,7,14,43,4
20,2019,3,7,14,43,4
24,2019,3,7,14,43,4
28,2019,3,7,14,43,4
32,2019,3,7,14,43,4
36,2019,3,7,14,43,4
40,2019,3,7,14,43,4
44,2019,3,7,14,43,4
48,2019,3,7,14,43,4
52,2019,3,7,14,43,4
56,2019,3,7,14,43,4
60,2019,3,7,14,43,4
64,2019,3,7,14,43,4
68,2019,3,7,14,43,4
72,2019,3,7,14,43,4
76,2019,3,7,14,43,4
80,2019,3,7,14,43,4
84,2019,3,7,14,43,4
88,2019,3,7,14,43,4
92,2019,3,7,14,43,4
96,2019,3,7,14,43,4
100,2019,3,7,14,43,4
104,2019,3,7,14,43,4
108,2019,3,7,14,43,4
112,2019,3,7,14,43,4
116,2019,3,7,14,43,4
121,2019,3,7,14,43,4
125,2019,3,7,14,43,4
129,2019,3,7,14,43,4
133,2019,3,7,14,43,4
137,2019,3,7,14,43,4
141,2019,3,7,14,43,4
145,2019,3,7,14,43,4
149,2019,3,7,14,43,4
153,2019,3,7,14,43,4
157,2019,3,7,14,43,4
161,2019,3,7,14,43,4
165,2019,3,7,14,43,4
169,2019,3,7,14,43,4
173,2019,3,7,14,43,4
177,2019,3,7,14,43,4
181,2019,3,7,14,43,4
185,2019,3,7,14,43,4
189,2019,3,7,14,43,4
193,2019,3,7,14,43,4
197,2019,3,7,14,43,4
201,2019,3,7,14,43,4
205,2019,3,7,14,43,4
209,2019,3,7,14,43,4
213,2019,3,7,14,43,4
217,2019,3,7,14,43,4
221,2019,3,7,14,43,4
225,2019,3,7,14,43,4
230,2019,3,7,14,43,4
234,2019,3,7,14,43,4
238,2019,3,7,14,43,4
242,2019,3,7,14,43,4
246,2019,3,7,14,43,4
250,2019,3,7,14,43,4
254,2019,3,7,14,43,4
258,2019,3,7,14,43,4
262,2019,3,7,14,43,4
266,2019,3,7,14,43,4
270,2019,3,7,14,43,4
274,2019,3,7,14,43,4
278,2019,3,7,14,43,4
282,2019,3,7,14,43,4
286,2019,3,7,14,43,4
290,2019,3,7,14,43,4
294,2019,3,7,14,43,4
298,2019,3,7,14,43,4
302,2019,3,7,14,43,4
306,2019,3,7,14,43,4
310,2019,3,7,14,43,4
314,2019,3,7,14,43,4
318,2019,3,7,14,43,4
322,2019,3,7,14,43,4
326,2019,3,7,14,43,4
330,2019,3,7,14,43,4
334,2019,3,7,14,43,4
339,2019,3,7,14,43,4
343,2019,3,7,14,43,4
347,2019,3,7,14,43,4
351,2019,3,7,14,43,4
355,2019,3,7,14,43,4
359,2019,3,7,14,43,4
363,2019,3,7,14,43,4
367,2019,3,7,14,43,4
371,2019,3,7,14,43,4
375,2019,3,7,14,43,5
379,2019,3,7,14,43,5
383,2019,3,7,14,43,5
387,2019,3,7,14,43,5
391,2019,3,7,14,43,5
395,2019,3,7,14,43,5
399,2019,3,7,14,43,5
403,2019,3,7,14,43,5
407,2019,3,7,14,43,5
411,2019,3,7,14,43,5
415,2019,3,7,14,43,5
419,2019,3,7,14,43,5
423,2019,3,7,14,43,5
427,2019,3,7,14,43,5
431,2019,3,7,14,43,5
435,2019,3,7,14,43,5
439,2019,3,7,14,43,5
443,2019,3,7,14,43,5
448,2019,3,7,14,43,5
452,2019,3,7,14,43,5
456,2019,3,7,14,43,5
460,2019,3,7,14,43,5
464,2019,3,7,14,43,5
468,2019,3,7,14,43,5
472,2019,3,7,14,43,5
476,2019,3,7,14,43,5
480,2019,3,7,14,43,5
484,2019,3,7,14,43,5
488,2019,3,7,14,43,5
492,2019,3,7,14,43,5
496,2019,3,7,14,43,5
500,2019,3,7,14,43,5
504,2019,3,7,14,43,5
508,2019,3,7,14,43,5
512,2019,3,7,14,43,5
516,2019,3,7,14,43,5
520,2019,3,7,14,43,5
524,2019,3,7,14,43,5
528,2019,3,7,14,43,5
532,2019,3,7,14,43,5
536,2019,3,7,14,43,5
540,2019,3,7,14,43,5
544,2019,3,7,14,43,5
548,2019,3,7,14,43,5
552,2019,3,7,14,43,5
557,2019,3,7,14,43,5
561,2019,3,7,14,43,5
565,2019,3,7,14,43,5
569,2019,3,7,14,43,5
573,2019,3,7,14,43,5
577,2019,3,7,14,43,5
581,2019,3,7,14,43,5
585,2019,3,7,14,43,5
589,2019,3,7,14,43,5
593,2019,3,7,14,43,5
597,2019,3,7,14,43,5
601,2019,3,7,14,43,5
605,2019,3,7,14,43,5
609,2019,3,7,14,43,5
613,2019,3,7,14,43,5
617,2019,3,7,14,43,5
621,2019,3,7,14,43,5
625,2019,3,7,14,43,5
629,2019,3,7,14,43,5
633,2019,3,7,14,43,5
637,2019,3,7,14,43,5
641,2019,3,7,14,43,5
645,2019,3,7,14,43,5
649,2019,3,7,14,43,5
653,2019,3,7,14,43,5
657,2019,3,7,14,43,5
661,2019,3,7,14,43,5
666,2019,3,7,14,43,5
670,2019,3,7,14,43,5
674,2019,3,7,14,43,5
678,2019,3,7,14,43,5
682,2019,3,7,14,43,5
686,2019,3,7,14,43,5
690,2019,3,7,14,43,5
694,2019,3,7,14,43,5
698,2019,3,7,14,43,5
702,2019,3,7,14,43,5
706,2019,3,7,14,43,5
710,2019,3,7,14,43,5
714,2019,3,7,14,43,5
718,2019,3,7,14,43,5
722,2019,3,7,14,43,5
726,2019,3,7,14,43,5
730,2019,3,7,14,43,5
734,2019,3,7,14,43,5
738,2019,3,7,14,43,5
742,2019,3,7,14,43,5
746,2019,3,7,14,43,5
750,2019,3,7,14,43,5
754,2019,3,7,14,43,5
758,2019,3,7,14,43,5
762,2019,3,7,14,43,5
766,2019,3,7,14,43,5
770,2019,3,7,14,43,5
775,2019,3,7,14,43,5
779,2019,3,7,14,43,5
783,2019,3,7,14,43,5
787,2019,3,7,14,43,5
791,2019,3,7,14,43,5
795,2019,3,7,14,43,5
799,2019,3,7,14,43,5
803,2019,3,7,14,43,5
807,2019,3,7,14,43,5
811,2019,3,7,14,43,5
815,2019,3,7,14,43,5
819,2019,3,7,14,43,5
823,2019,3,7,14,43,5
827,2019,3,7,14,43,5
831,2019,3,7,14,43,5
835,2019,3,7,14,43,5
839,2019,3,7,14,43,5
843,2019,3,7,14,43,5
847,2019,3,7,14,43,5
851,2019,3,7,14,43,5
855,2019,3,7,14,43,5
859,2019,3,7,14,43,5
863,2019,3,7,14,43,5
867,2019,3,7,14,43,5
871,2019,3,7,14,43,5
875,2019,3,7,14,43,5
879,2019,3,7,14,43,5
884,2019,3,7,14,43,5
888,2019,3,7,14,43,5
892,2019,3,7,14,43,5
896,2019,3,7,14,43,5
900,2019,3,7,14,43,5
904,2019,3,7,14,43,5
908,2019,3,7,14,43,5
912,2019,3,7,14,43,5
916,2019,3,7,14,43,5
920,2019,3,7,14,43,5
924,2019,3,7,14,43,5
928,2019,3,7,14,43,5
932,2019,3,7,14,43,5
936,2019,3,7,14,43,5
940,2019,3,7,14,43,5
944,2019,3,7,14,43,5
948,2019,3,7,14,43,5
952,2019,3,7,14,43,5
956,2019,3,7,14,43,5
960,2019,3,7,14,43,5
964,2019,3,7,14,43,5
968,2019,3,7,14,43,5
972,2019,3,7,14,43,5
976,2019,3,7,14,43,5
980,2019,3,7,14,43,5
984,2019,3,7,14,43,5
988,2019,3,7,14,43,5
993,2019,3,7,14,43,5
997,2019,3,7,14,43,5
1001,2019,3,7,14,43,5
1005,2019,3,7,14,43,5
1009,2019,3,7,14,43,5
1013,2019,3,7,14,43,5
1017,2019,3,7,14,43,5
1021,2019,3,7,14,43,5
1025,2019,3,7,14,43,5
1029,2019,3,7,14,43,5
1033,2019,3,7,14,43,5
1037,2019,3,7,14,43,5
1041,2019,3,7,14,43,5
1045,2019,3,7,14,43,5
1049,2019,3,7,14,43,5
1053,2019,3,7,14,43,5
1057,2019,3,7,14,43,5
1061,2019,3,7,14,43,5
1065,2019,3,7,14,43,5
1069,2019,3,7,14,43,5
1073,2019,3,7,14,43,5
1077,2019,3,7,14,43,5
1081,2019,3,7,14,43,5
1085,2019,3,7,14,43,5
1089,2019,3,7,14,43,5
1093,2019,3,7,14,43,5
1097,2019,3,7,14,43,5
1102,2019,3,7,14,43,5
1106,2019,3,7,14,43,5
1110,2019,3,7,14,43,5
1114,2019,3,7,14,43,5
1118,2019,3,7,14,43,5
1122,2019,3,7,14,43,5
1126,2019,3,7,14,43,5
1130,2019,3,7,14,43,5
1134,2019,3,7,14,43,5
1138,2019,3,7,14,43,5
1142,2019,3,7,14,43,5
1146,2019,3,7,14,43,5
1150,2019,3,7,14,43,5
1154,2019,3,7,14,43,5
1158,2019,3,7,14,43,5
1162,2019,3,7,14,43,5
1166,2019,3,7,14,43,5
1170,2019,3,7,14,43,5
1174,2019,3,7,14,43,5
1178,2019,3,7,14,43,5
1182,2019,3,7,14,43,5
1186,2019,3,7,14,43,5
1190,2019,3,7,14,43,5
1194,2019,3,7,14,43,5
1198,2019,3,7,14,43,5
1202,2019,3,7,14,43,5
1206,2019,3,7,14,43,5
1211,2019,3,7,14,43,5
1215,2019,3,7,14,43,5
1219,2019,3,7,14,43,5
1223,2019,3,7,14,43,5
1227,2019,3,7,14,43,5
1231,2019,3,7,14,43,5
1235,2019,3,7,14,43,5
1239,2019,3,7,14,43,5
1243,2019,3,7,14,43,5
1247,2019,3,7,14,43,6
1251,2019,3,7,14,43,6
1255,2019,3,7,14,43,6
1259,2019,3,7,14,43,6
1263,2019,3,7,14,43,6
1267,2019,3,7,14,43,6
1271,2019,3,7,14,43,6
1275,2019,3,7,14,43,6
1279,2019,3,7,14,43,6
1283,2019,3,7,14,43,6
1287,2019,3,7,14,43,6
1291,2019,3,7,14,43,6
1295,2019,3,7,14,43,6
1299,2019,3,7,14,43,6
1303,2019,3,7,14,43,6
1307,2019,3,7,14,43,6
1311,2019,3,7,14,43,6
1315,2019,3,7,14,43,6
1320,2019,3,7,14,43,6
1324,2019,3,7,14,43,6
1328,2019,3,7,14,43,6
1332,2019,3,7,14,43,6
1336,2019,3,7,14,43,6
1340,2019,3,7,14,43,6
1344,2019,3,7,14,43,6
1348,2019,3,7,14,43,6
1352,2019,3,7,14,43,6
1356,2019,3,7,14,43,6
1360,2019,3,7,14,43,6
1364,2019,3,7,14,43,6
1368,2019,3,7,14,43,6
1372,2019,3,7,14,43,6
1376,2019,3,7,14,43,6
1380,2019,3,7,14,43,6
1384,2019,3,7,14,43,6
1388,2019,3,7,14,43,6
1392,2019,3,7,14,43,6
1396,2019,3,7,14,43,6
1400,2019,3,7,14,43,6
1404,2019,3,7,14,43,6
1408,2019,3,7,14,43,6
1412,2019,3,7,14,43,6
1416,2019,3,7,14,43,6
1420,2019,3,7,14,43,6
1424,2019,3,7,14,43,6
1429,2019,3,7,14,43,6
1433,2019,3,7,14,43,6
1437,2019,3,7,14,43,6
1441,2019,3,7,14,43,6
1445,2019,3,7,14,43,6
1449,2019,3,7,14,43,6
1453,2019,3,7,14,43,6
1457,2019,3,7,14,43,6
1461,2019,3,7,14,43,6
1465,2019,3,7,14,43,6
1469,2019,3,7,14,43,6
1473,2019,3,7,14,43,6
1477,2019,3,7,14,43,6
1481,2019,3,7,14,43,6
1485,2019,3,7,14,43,6
1489,2019,3,7,14,43,6
1493,2019,3,7,14,43,6
1497,2019,3,7,14,43,6
1501,2019,3,7,14,43,6
1505,2019,3,7,14,43,6
1509,2019,3,7,14,43,6
1513,2019,3,7,14,43,6
1517,2019,3,7,14,43,6
1521,2019,3,7,14,43,6
1525,2019,3,7,14,43,6
1529,2019,3,7,14,43,6
1533,2019,3,7,14,43,6
1538,2019,3,7,14,43,6
1542,2019,3,7,14,43,6
1546,2019,3,7,14,43,6
1550,2019,3,7,14,43,6
1554,2019,3,7,14,43,6
1558,2019,3,7,14,43,6
1562,2019,3,7,14,43,6
1566,2019,3,7,14,43,6
1570,2019,3,7,14,43,6
1574,2019,3,7,14,43,6
1578,2019,3,7,14,43,6
1582,2019,3,7,14,43,6
1586,2019,3,7,14,43,6
1590,2019,3,7,14,43,6
1594,2019,3,7,14,43,6
1598,2019,3,7,14,43,6
1602,2019,3,7,14,43,6
1606,2019,3,7,14,43,6
1610,2019,3,7,14,43,6
1614,2019,3,7,14,43,6
1618,2019,3,7,14,43,6
1622,2019,3,7,14,43,6
1626,2019,3,7,14,43,6
1630,2019,3,7,14,43,6
1634,2019,3,7,14,43,6
1638,2019,3,7,14,43,6
1642,2019,3,7,14,43,6
1647,2019,3,7,14,43,6
1651,2019,3,7,14,43,6
1655,2019,3,7,14,43,6
1659,2019,3,7,14,43,6
1663,2019,3,7,14,43,6
1667,2019,3,7,14,43,6
1671,2019,3,7,14,43,6
1675,2019,3,7,14,43,6
1679,2019,3,7,14,43,6
1683,2019,3,7,14,43,6
1687,2019,3,7,14,43,6
1691,2019,3,7,14,43,6
1695,2019,3,7,14,43,6
1699,2019,3,7,14,43,6
1703,2019,3,7,14,43,6
1707,2019,3,7,14,43,6
1711,2019,3,7,14,43,6
1715,2019,3,7,14,43,6
1719,2019,3,7,14,43,6
1723,2019,3,7,14,43,6
1727,2019,3,7,14,43,6
1731,2019,3,7,14,43,6
1735,2019,3,7,14,43,6
1739,2019,3,7,14,43,6
1743,2019,3,7,14,43,6
1747,2019,3,7,14,43,6
1751,2019,3,7,14,43,6
1756,2019,3,7,14,43,6
1760,2019,3,7,14,43,6
1764,2019,3,7,14,43,6
1768,2019,3,7,14,43,6
1772,2019,3,7,14,43,6
1776,2019,3,7,14,43,6
1780,2019,3,7,14,43,6
1784,2019,3,7,14,43,6
1788,2019,3,7,14,43,6
1792,2019,3,7,14,43,6
1796,2019,3,7,14,43,6
1800,2019,3,7,14,43,6
1804,2019,3,7,14,43,6
1808,2019,3,7,14,43,6
1812,2019,3,7,14,43,6
1816,2019,3,7,14,43,6
1820,2019,3,7,14,43,6
1824,2019,3,7,14,43,6
1828,2019,3,7,14,43,6
1832,2019,3,7,14,43,6
1836,2019,3,7,14,43,6
1840,2019,3,7,14,43,6
1844,2019,3,7,14,43,6
1848,2019,3,7,14,43,6
1852,2019,3,7,14,43,6
1856,2019,3,7,14,43,6
1860,2019,3,7,14,43,6
1865,2019,3,7,14,43,6
1869,2019,3,7,14,43,6
1873,2019,3,7,14,43,6
1877,2019,3,7,14,43,6
1881,2019,3,7,14,43,6
1885,2019,3,7,14,43,6
1889,2019,3,7,14,43,6
1893,2019,3,7,14,43,6
1897,2019,3,7,14,43,6
1901,2019,3,7,14,43,6
1905,2019,3,7,14,43,6
1909,2019,3,7,14,43,6
1913,2019,3,7,14,43,6
1917,2019,3,7,14,43,6
1921,2019,3,7,14,43,6
1925,2019,3,7,14,43,6
1929,2019,3,7,14,43,6
1933,2019,3,7,14,43,6
1937,2019,3,7,14,43,6
1941,2019,3,7,14,43,6
1945,2019,3,7,14,43,6
1949,2019,3,7,14,43,6
1953,2019,3,7,14,43,6
1957,2019,3,7,14,43,6
1961,2019,3,7,14,43,6
1965,2019,3,7,14,43,6
1969,2019,3,7,14,43,6
1974,2019,3,7,14,43,6
1978,2019,3,7,14,43,6
1982,2019,3,7,14,43,6
1986,2019,3,7,14,43,6
1990,2019,3,7,14,43,6
1994,2019,3,7,14,43,6
1998,2019,3,7,14,43,6
2002,2019,3,7,14,43,6
2006,2019,3,7,14,43,6
2010,2019,3,7,14,43,6
2014,2019,3,7,14,43,6
2018,2019,3,7,14,43,6
2022,2019,3,7,14,43,6
2026,2019,3,7,14,43,6
2030,2019,3,7,14,43,6
2034,2019,3,7,14,43,6
2038,2019,3,7,14,43,6
2042,2019,3,7,14,43,6
2046,2019,3,7,14,43,6
2050,2019,3,7,14,43,6
2054,2019,3,7,14,43,6
2058,2019,3,7,14,43,6
2062,2019,3,7,14,43,6
2066,2019,3,7,14,43,6
2070,2019,3,7,14,43,6
2074,2019,3,7,14,43,6
2078,2019,3,7,14,43,6
2083,2019,3,7,14,43,6
2087,2019,3,7,14,43,6
2091,2019,3,7,14,43,6
2095,2019,3,7,14,43,6
2099,2019,3,7,14,43,6
2103,2019,3,7,14,43,6
2107,2019,3,7,14,43,6
2111,2019,3,7,14,43,6
2115,2019,3,7,14,43,6
2119,2019,3,7,14,43,7
2123,2019,3,7,14,43,7
2127,2019,3,7,14,43,7
2131,2019,3,7,14,43,7
2135,2019,3,7,14,43,7
2139,2019,3,7,14,43,7
2143,2019,3,7,14,43,7
2147,2019,3,7,14,43,7
2151,2019,3,7,14,43,7
2155,2019,3,7,14,43,7
2159,2019,3,7,14,43,7
2163,2019,3,7,14,43,7
2167,2019,3,7,14,43,7
2171,2019,3,7,14,43,7
2175,2019,3,7,14,43,7
2179,2019,3,7,14,43,7
2183,2019,3,7,14,43,7
2187,2019,3,7,14,43,7
2192,2019,3,7,14,43,7
2196,2019,3,7,14,43,7
2200,2019,3,7,14,43,7
2204,2019,3,7,14,43,7
2208,2019,3,7,14,43,7
2212,2019,3,7,14,43,7
2216,2019,3,7,14,43,7
2220,2019,3,7,14,43,7
2224,2019,3,7,14,43,7
2228,2019,3,7,14,43,7
2232,2019,3,7,14,43,7
2236,2019,3,7,14,43,7
2240,2019,3,7,14,43,7
2244,2019,3,7,14,43,7
2248,2019,3,7,14,43,7
2252,2019,3,7,14,43,7
2256,2019,3,7,14,43,7
2260,2019,3,7,14,43,7
2264,2019,3,7,14,43,7
2268,2019,3,7,14,43,7
2272,2019,3,7,14,43,7
2276,2019,3,7,14,43,7
2280,2019,3,7,14,43,7
2284,2019,3,7,14,43,7
2288,2019,3,7,14,43,7
2292,2019,3,7,14,43,7
2296,2019,3,7,14,43,7
2301,2019,3,7,14,43,7
2305,2019,3,7,14,43,7
2309,2019,3,7,14,43,7
2313,2019,3,7,14,43,7
2317,2019,3,7,14,43,7
2321,2019,3,7,14,43,7
2325,2019,3,7,14,43,7
2329,2019,3,7,14,43,7
2333,2019,3,7,14,43,7
2337,2019,3,7,14,43,7
2341,2019,3,7,14,43,7
2345,2019,3,7,14,43,7
2349,2019,3,7,14,43,7
2353,2019,3,7,14,43,7
2357,2019,3,7,14,43,7
2361,2019,3,7,14,43,7
2365,2019,3,7,14,43,7
2369,2019,3,7,14,43,7
2373,2019,3,7,14,43,7
2377,2019,3,7,14,43,7
2381,2019,3,7,14,43,7
2385,2019,3,7,14,43,7
2389,2019,3,7,14,43,7
2393,2019,3,7,14,43,7
2397,2019,3,7,14,43,7
2401,2019,3,7,14,43,7
2405,2019,3,7,14,43,7
2410,2019,3,7,14,43,7
2414,2019,3,7,14,43,7
2418,2019,3,7,14,43,7
2422,2019,3,7,14,43,7
2426,2019,3,7,14,43,7
2430,2019,3,7,14,43,7
2434,2019,3,7,14,43,7
2438,2019,3,7,14,43,7
2442,2019,3,7,14,43,7
2446,2019,3,7,14,43,7
2450,2019,3,7,14,43,7
2454,2019,3,7,14,43,7
2458,2019,3,7,14,43,7
2462,2019,3,7,14,43,7
2466,2019,3,7,14,43,7
2470,2019,3,7,14,43,7
2474,2019,3,7,14,43,7
2478,2019,3,7,14,43,7
2482,2019,3,7,14,43,7
2486,2019,3,7,14,43,7
2490,2019,3,7,14,43,7
2494,2019,3,7,14,43,7
2498,2019,3,7,14,43,7
2502,2019,3,7,14,43,7
2506,2019,3,7,14,43,7
2510,2019,3,7,14,43,7
2514,2019,3,7,14,43,7
2519,2019,3,7,14,43,7
2523,2019,3,7,14,43,7
2527,2019,3,7,14,43,7
2531,2019,3,7,14,43,7
2535,2019,3,7,14,43,7
2539,2019,3,7,14,43,7
2543,2019,3,7,14,43,7
2547,2019,3,7,14,43,7
2551,2019,3,7,14,43,7
2555,2019,3,7,14,43,7
2559,2019,3,7,14,43,7
2563,2019,3,7,14,43,7
2567,2019,3,7,14,43,7
2571,2019,3,7,14,43,7
2575,2019,3,7,14,43,7
2579,2019,3,7,14,43,7
2583,2019,3,7,14,43,7
2587,2019,3,7,14,43,7
2591,2019,3,7,14,43,7
2595,2019,3,7,14,43,7
2599,2019,3,7,14,43,7
2603,2019,3,7,14,43,7
2607,2019,3,7,14,43,7
2611,2019,3,7,14,43,7
2615,2019,3,7,14,43,7
2619,2019,3,7,14,43,7
2623,2019,3,7,14,43,7
2628,2019,3,7,14,43,7
2632,2019,3,7,14,43,7
2636,2019,3,7,14,43,7
2640,2019,3,7,14,43,7
2644,2019,3,7,14,43,7
2648,2019,3,7,14,43,7
2652,2019,3,7,14,43,7
2656,2019,3,7,14,43,7
2660,2019,3,7,14,43,7
2664,2019,3,7,14,43,7
2668,2019,3,7,14,43,7
2672,2019,3,7,14,43,7
2676,2019,3,7,14,43,7
2680,2019,3,7,14,43,7
2684,2019,3,7,14,43,7
2688,2019,3,7,14,43,7
2692,2019,3,7,14,43,7
2696,2019,3,7,14,43,7
2700,2019,3,7,14,43,7
2704,2019,3,7,14,43,7
2708,2019,3,7,14,43,7
2712,2019,3,7,14,43,7
2716,2019,3,7,14,43,7
2720,2019,3,7,14,43,7
2724,2019,3,7,14,43,7
2728,2019,3,7,14,43,7
2732,2019,3,7,14,43,7
2737,2019,3,7,14,43,7
2741,2019,3,7,14,43,7
2745,2019,3,7,14,43,7
2749,2019,3,7,14,43,7
2753,2019,3,7,14,43,7
2757,2019,3,7,14,43,7
2761,2019,3,7,14,43,7
2765,2019,3,7,14,43,7
2769,2019,3,7,14,43,7
2773,2019,3,7,14,43,7
2777,2019,3,7,14,43,7
2781,2019,3,7,14,43,7
2785,2019,3,7,14,43,7
2789,2019,3,7,14,43,7
2793,2019,3,7,14,43,7
2797,2019,3,7,14,43,7
2801,2019,3,7,14,43,7
2805,2019,3,7,14,43,7
2809,2019,3,7,14,43,7
2813,2019,3,7,14,43,7
2817,2019,3,7,14,43,7
2821,2019,3,7,14,43,7
2825,2019,3,7,14,43,7
2829,2019,3,7,14,43,7
2833,2019,3,7,14,43,7
2837,2019,3,7,14,43,7
2841,2019,3,7,14,43,7
2846,2019,3,7,14,43,7
2850,2019,3,7,14,43,7
2854,2019,3,7,14,43,7
2858,2019,3,7,14,43,7
2862,2019,3,7,14,43,7
2866,2019,3,7,14,43,7
2870,2019,3,7,14,43,7
2874,2019,3,7,14,43,7
2878,2019,3,7,14,43,7
2882,2019,3,7,14,43,7
2886,2019,3,7,14,43,7
2890,2019,3,7,14,43,7
2894,2019,3,7,14,43,7
2898,2019,3,7,14,43,7
2902,2019,3,7,14,43,7
2906,2019,3,7,14,43,7
2910,2019,3,7,14,43,7
2914,2019,3,7,14,43,7
2918,2019,3,7,14,43,7
2922,2019,3,7,14,43,7
2926,2019,3,7,14,43,7
2930,2019,3,7,14,43,7
2934,2019,3,7,14,43,7
2938,2019,3,7,14,43,7
2942,2019,3,7,14,43,7
2946,2019,3,7,14,43,7
2950,2019,3,7,14,43,7
2955,2019,3,7,14,43,7
2959,2019,3,7,14,43,7
2963,2019,3,7,14,43,7
2967,2019,3,7,14,43,7
2971,2019,3,7,14,43,7
2975,2019,3,7,14,43,7
2979,2019,3,7,14,43,7
2983,2019,3,7,14,43,7
2987,2019,3,7,14,43,7
2991,2019,3,7,14,43,8
2995,2019,3,7,14,43,8
2999,2019,3,7,14,43,8
3003,2019,3,7,14,43,8
3007,2019,3,7,14,43,8
3011,2019,3,7,14,43,8
3015,2019,3,7,14,43,8
3019,2019,3,7,14,43,8
3023,2019,3,7,14,43,8
3027,2019,3,7,14,43,8
3031,2019,3,7,14,43,8
3035,2019,3,7,14,43,8
3039,2019,3,7,14,43,8
3043,2019,3,7,14,43,8
3047,2019,3,7,14,43,8
3051,2019,3,7,14,43,8
3055,2019,3,7,14,43,8
3059,2019,3,7,14,43,8
3064,2019,3,7,14,43,8
3068,2019,3,7,14,43,8
3072,2019,3,7,14,43,8
3076,2019,3,7,14,43,8
3080,2019,3,7,14,43,8
3084,2019,3,7,14,43,8
3088,2019,3,7,14,43,8
3092,2019,3,7,14,43,8
3096,2019,3,7,14,43,8
3100,2019,3,7,14,43,8
3104,2019,3,7,14,43,8
3108,2019,3,7,14,43,8
3112,2019,3,7,14,43,8
3116,2019,3,7,14,43,8
3120,2019,3,7,14,43,8
3124,2019,3,7,14,43,8
3128,2019,3,7,14,43,8
3132,2019,3,7,14,43,8
3136,2019,3,7,14,43,8
3140,2019,3,7,14,43,8
3144,2019,3,7,14,43,8
3148,2019,3,7,14,43,8
3152,2019,3,7,14,43,8
3156,2019,3,7,14,43,8
3160,2019,3,7,14,43,8
3164,2019,3,7,14,43,8
3168,2019,3,7,14,43,8
3173,2019,3,7,14,43,8
3177,2019,3,7,14,43,8
3181,2019,3,7,14,43,8
3185,2019,3,7,14,43,8
3189,2019,3,7,14,43,8
3193,2019,3,7,14,43,8
3197,2019,3,7,14,43,8
3201,2019,3,7,14,43,8
3205,2019,3,7,14,43,8
3209,2019,3,7,14,43,8
3213,2019,3,7,14,43,8
3217,2019,3,7,14,43,8
3221,2019,3,7,14,43,8
3225,2019,3,7,14,43,8
3229,2019,3,7,14,43,8
3233,2019,3,7,14,43,8
3237,2019,3,7,14,43,8
3241,2019,3,7,14,43,8
3245,2019,3,7,14,43,8
3249,2019,3,7,14,43,8
3253,2019,3,7,14,43,8
3257,2019,3,7,14,43,8
3261,2019,3,7,14,43,8
3265,2019,3,7,14,43,8
3269,2019,3,7,14,43,8
3273,2019,3,7,14,43,8
3277,2019,3,7,14,43,8
3282,2019,3,7,14,43,8
3286,2019,3,7,14,43,8
3290,2019,3,7,14,43,8
3294,2019,3,7,14,43,8
3298,2019,3,7,14,43,8
3302,2019,3,7,14,43,8
3306,2019,3,7,14,43,8
3310,2019,3,7,14,43,8
3314,2019,3,7,14,43,8
3318,2019,3,7,14,43,8
3322,2019,3,7,14,43,8
3326,2019,3,7,14,43,8
3330,2019,3,7,14,43,8
3334,2019,3,7,14,43,8
3338,2019,3,7,14,43,8
3342,2019,3,7,14,43,8
3346,2019,3,7,14,43,8
3350,2019,3,7,14,43,8
3354,2019,3,7,14,43,8
3358,2019,3,7,14,43,8
3362,2019,3,7,14,43,8
3366,2019,3,7,14,43,8
3370,2019,3,7,14,43,8
3374,2019,3,7,14,43,8
3378,2019,3,7,14,43,8
3382,2019,3,7,14,43,8
3386,2019,3,7,14,43,8
3391,2019,3,7,14,43,8
3395,2019,3,7,14,43,8
3399,2019,3,7,14,43,8
3403,2019,3,7,14,43,8
3407,2019,3,7,14,43,8
3411,2019,3,7,14,43,8
3415,2019,3,7,14,43,8
3419,2019,3,7,14,43,8
3423,2019,3,7,14,43,8
3427,2019,3,7,14,43,8
3431,2019,3,7,14,43,8
3435,2019,3,7,14,43,8
3439,2019,3,7,14,43,8
3443,2019,3,7,14,43,8
3447,2019,3,7,14,43,8
3451,2019,3,7,14,43,8
3455,2019,3,7,14,43,8
3459,2019,3,7,14,43,8
3463,2019,3,7,14,43,8
3467,2019,3,7,14,43,8
3471,2019,3,7,14,43,8
3475,2019,3,7,14,43,8
3479,2019,3,7,14,43,8
3483,2019,3,7,14,43,8
3487,2019,3,7,14,43,8
3491,2019,3,7,14,43,8
3495,2019,3,7,14,43,8
3500,2019,3,7,14,43,8
3504,2019,3,7,14,43,8
3508,2019,3,7,14,43,8
3512,2019,3,7,14,43,8
3516,2019,3,7,14,43,8
3520,2019,3,7,14,43,8
3524,2019,3,7,14,43,8
3528,2019,3,7,14,43,8
3532,2019,3,7,14,43,8
3536,2019,3,7,14,43,8
3540,2019,3,7,14,43,8
3544,2019,3,7,14,43,8
3548,2019,3,7,14,43,8
3552,2019,3,7,14,43,8
3556,2019,3,7,14,43,8
3560,2019,3,7,14,43,8
3564,2019,3,7,14,43,8
3568,2019,3,7,14,43,8
3572,2019,3,7,14,43,8
3576,2019,3,7,14,43,8
3580,2019,3,7,14,43,8
3584,2019,3,7,14,43,8
3588,2019,3,7,14,43,8
3592,2019,3,7,14,43,8
3596,2019,3,7,14,43,8
3600,2019,3,7,14,43,8
3604,2019,3,7,14,43,8
3609,2019,3,7,14,43,8
3613,2019,3,7,14,43,8
3617,2019,3,7,14,43,8
3621,2019,3,7,14,43,8
3625,2019,3,7,14,43,8
3629,2019,3,7,14,43,8
3633,2019,3,7,14,43,8
3637,2019,3,7,14,43,8
3641,2019,3,7,14,43,8
3645,2019,3,7,14,43,8
3649,2019,3,7,14,43,8
3653,2019,3,7,14,43,8
3657,2019,3,7,14,43,8
3661,2019,3,7,14,43,8
3665,2019,3,7,14,43,8
3669,2019,3,7,14,43,8
3673,2019,3,7,14,43,8
3677,2019,3,7,14,43,8
3681,2019,3,7,14,43,8
3685,2019,3,7,14,43,8
3689,2019,3,7,14,43,8
3693,2019,3,7,14,43,8
3697,2019,3,7,14,43,8
3701,2019,3,7,14,43,8
3705,2019,3,7,14,43,8
3709,2019,3,7,14,43,8
3713,2019,3,7,14,43,8
3718,2019,3,7,14,43,8
3722,2019,3,7,14,43,8
3726,2019,3,7,14,43,8
3730,2019,3,7,14,43,8
3734,2019,3,7,14,43,8
3738,2019,3,7,14,43,8
3742,2019,3,7,14,43,8
3746,2019,3,7,14,43,8
3750,2019,3,7,14,43,8
3754,2019,3,7,14,43,8
3758,2019,3,7,14,43,8
3762,2019,3,7,14,43,8
3766,2019,3,7,14,43,8
3770,2019,3,7,14,43,8
3774,2019,3,7,14,43,8
3778,2019,3,7,14,43,8
3782,2019,3,7,14,43,8
3786,2019,3,7,14,43,8
3790,2019,3,7,14,43,8
3794,2019,3,7,14,43,8
3798,2019,3,7,14,43,8
3802,2019,3,7,14,43,8
3806,2019,3,7,14,43,8
3810,2019,3,7,14,43,8
3814,2019,3,7,14,43,8
3818,2019,3,7,14,43,8
3822,2019,3,7,14,43,8
3827,2019,3,7,14,43,8
3831,2019,3,7,14,43,8
3835,2019,3,7,14,43,8
3839,2019,3,7,14,43,8
3843,2019,3,7,14,43,8
3847,2019,3,7,14,43,8
3851,2019,3,7,14,43,8
3855,2019,3,7,14,43,8
3859,2019,3,7,14,43,8
3863,2019,3,7,14,43,9
3867,2019,3,7,14,43,9
3871,2019,3,7,14,43,9
3875,2019,3,7,14,43,9
3879,2019,3,7,14,43,9
3883,2019,3,7,14,43,9
3887,2019,3,7,14,43,9
3891,2019,3,7,14,43,9
3895,2019,3,7,14,43,9
3899,2019,3,7,14,43,9
3903,2019,3,7,14,43,9
3907,2019,3,7,14,43,9
3911,2019,3,7,14,43,9
3915,2019,3,7,14,43,9
3919,2019,3,7,14,43,9
3923,2019,3,7,14,43,9
3927,2019,3,7,14,43,9
3931,2019,3,7,14,43,9
3936,2019,3,7,14,43,9
3940,2019,3,7,14,43,9
3944,2019,3,7,14,43,9
3948,2019,3,7,14,43,9
3952,2019,3,7,14,43,9
3956,2019,3,7,14,43,9
3960,2019,3,7,14,43,9
3964,2019,3,7,14,43,9
3968,2019,3,7,14,43,9
3972,2019,3,7,14,43,9
3976,2019,3,7,14,43,9
3980,2019,3,7,14,43,9
3984,2019,3,7,14,43,9
3988,2019,3,7,14,43,9
3992,2019,3,7,14,43,9
3996,2019,3,7,14,43,9
4000,2019,3,7,14,43,9
4004,2019,3,7,14,43,9
4008,2019,3,7,14,43,9
4012,2019,3,7,14,43,9
4016,2019,3,7,14,43,9
4020,2019,3,7,14,43,9
4024,2019,3,7,14,43,9
4028,2019,3,7,14,43,9
4032,2019,3,7,14,43,9
4036,2019,3,7,14,43,9
4040,2019,3,7,14,43,9
4045,2019,3,7,14,43,9
4049,2019,3,7,14,43,9
4053,2019,3,7,14,43,9
4057,2019,3,7,14,43,9
4061,2019,3,7,14,43,9
4065,2019,3,7,14,43,9
4069,2019,3,7,14,43,9
4073,2019,3,7,14,43,9
4077,2019,3,7,14,43,9
4081,2019,3,7,14,43,9
4085,2019,3,7,14,43,9
4089,2019,3,7,14,43,9
4093,2019,3,7,14,43,9
4097,2019,3,7,14,43,9
4101,2019,3,7,14,43,9
4105,2019,3,7,14,43,9
4109,2019,3,7,14,43,9
4113,2019,3,7,14,43,9
4117,2019,3,7,14,43,9
4121,2019,3,7,14,43,9
4125,2019,3,7,14,43,9
4129,2019,3,7,14,43,9
4133,2019,3,7,14,43,9
4137,2019,3,7,14,43,9
4141,2019,3,7,14,43,9
4145,2019,3,7,14,43,9
4149,2019,3,7,14,43,9
4154,2019,3,7,14,43,9
4158,2019,3,7,14,43,9
4162,2019,3,7,14,43,9
4166,2019,3,7,14,43,9
4170,2019,3,7,14,43,9
4174,2019,3,7,14,43,9
4178,2019,3,7,14,43,9
4182,2019,3,7,14,43,9
4186,2019,3,7,14,43,9
4190,2019,3,7,14,43,9
4194,2019,3,7,14,43,9
4198,2019,3,7,14,43,9
4202,2019,3,7,14,43,9
4206,2019,3,7,14,43,9
4210,2019,3,7,14,43,9
4214,2019,3,7,14,43,9
4218,2019,3,7,14,43,9
4222,2019,3,7,14,43,9
4226,2019,3,7,14,43,9
4230,2019,3,7,14,43,9
4234,2019,3,7,14,43,9
4238,2019,3,7,14,43,9
4242,2019,3,7,14,43,9
4246,2019,3,7,14,43,9
4250,2019,3,7,14,43,9
4254,2019,3,7,14,43,9
4258,2019,3,7,14,43,9
4263,2019,3,7,14,43,9
4267,2019,3,7,14,43,9
4271,2019,3,7,14,43,9
4275,2019,3,7,14,43,9
4279,2019,3,7,14,43,9
4283,2019,3,7,14,43,9
4287,2019,3,7,14,43,9
4291,2019,3,7,14,43,9
4295,2019,3,7,14,43,9
4299,2019,3,7,14,43,9
4303,2019,3,7,14,43,9
4307,2019,3,7,14,43,9
4311,2019,3,7,14,43,9
4315,2019,3,7,14,43,9
4319,2019,3,7,14,43,9
4323,2019,3,7,14,43,9
4327,2019,3,7,14,43,9
4331,2019,3,7,14,43,9
4335,2019,3,7,14,43,9
4339,2019,3,7,14,43,9
4343,2019,3,7,14,43,9
4347,2019,3,7,14,43,9
4351,2019,3,7,14,43,9
4355,2019,3,7,14,43,9
4359,2019,3,7,14,43,9
4363,2019,3,7,14,43,9
4367,2019,3,7,14,43,9
4372,2019,3,7,14,43,9
4376,2019,3,7,14,43,9
4380,2019,3,7,14,43,9
4384,2019,3,7,14,43,9
4388,2019,3,7,14,43,9
4392,2019,3,7,14,43,9
4396,2019,3,7,14,43,9
4400,2019,3,7,14,43,9
4404,2019,3,7,14,43,9
4408,2019,3,7,14,43,9
4412,2019,3,7,14,43,9
4416,2019,3,7,14,43,9
4420,2019,3,7,14,43,9
4424,2019,3,7,14,43,9
4428,2019,3,7,14,43,9
4432,2019,3,7,14,43,9
4436,2019,3,7,14,43,9
4440,2019,3,7,14,43,9
4444,2019,3,7,14,43,9
4448,2019,3,7,14,43,9
4452,2019,3,7,14,43,9
4456,2019,3,7,14,43,9
4460,2019,3,7,14,43,9
4464,2019,3,7,14,43,9
4468,2019,3,7,14,43,9
4472,2019,3,7,14,43,9
4476,2019,3,7,14,43,9
4481,2019,3,7,14,43,9
4485,2019,3,7,14,43,9
4489,2019,3,7,14,43,9
4493,2019,3,7,14,43,9
4497,2019,3,7,14,43,9
4501,2019,3,7,14,43,9
4505,2019,3,7,14,43,9
4509,2019,3,7,14,43,9
4513,2019,3,7,14,43,9
4517,2019,3,7,14,43,9
4521,2019,3,7,14,43,9
4525,2019,3,7,14,43,9
4529,2019,3,7,14,43,9
4533,2019,3,7,14,43,9
4537,2019,3,7,14,43,9
4541,2019,3,7,14,43,9
4545,2019,3,7,14,43,9
4549,2019,3,7,14,43,9
4553,2019,3,7,14,43,9
4557,2019,3,7,14,43,9
4561,2019,3,7,14,43,9
4565,2019,3,7,14,43,9
4569,2019,3,7,14,43,9
4573,2019,3,7,14,43,9
4577,2019,3,7,14,43,9
4581,2019,3,7,14,43,9
4585,2019,3,7,14,43,9
4590,2019,3,7,14,43,9
4594,2019,3,7,14,43,9
4598,2019,3,7,14,43,9
4602,2019,3,7,14,43,9
4606,2019,3,7,14,43,9
4610,2019,3,7,14,43,9
4614,2019,3,7,14,43,9
4618,2019,3,7,14,43,9
4622,2019,3,7,14,43,9
4626,2019,3,7,14,43,9
4630,2019,3,7,14,43,9
4634,2019,3,7,14,43,9
4638,2019,3,7,14,43,9
4642,2019,3,7,14,43,9
4646,2019,3,7,14,43,9
4650,2019,3,7,14,43,9
4654,2019,3,7,14,43,9
4658,2019,3,7,14,43,9
4662,2019,3,7,14,43,9
4666,2019,3,7,14,43,9
4670,2019,3,7,14,43,9
4674,2019,3,7,14,43,9
4678,2019,3,7,14,43,9
4682,2019,3,7,14,43,9
4686,2019,3,7,14,43,9
4690,2019,3,7,14,43,9
4694,2019,3,7,14,43,9
4699,2019,3,7,14,43,9
4703,2019,3,7,14,43,9
4707,2019,3,7,14,43,9
4711,2019,3,7,14,43,9
4715,2019,3,7,14,43,9
4719,2019,3,7,14,43,9
4723,2019,3,7,14,43,9
4727,2019,3,7,14,43,9
4731,2019,3,7,14,43,9
4735,2019,3,7,14,43,10
4739,2019,3,7,14,43,10
4743,2019,3,7,14,43,10
4747,2019,3,7,14,43,10
4751,2019,3,7,14,43,10
4755,2019,3,7,14,43,10
4759,2019,3,7,14,43,10
4763,2019,3,7,14,43,10
4767,2019,3,7,14,43,10
4771,2019,3,7,14,43,10
4775,2019,3,7,14,43,10
4779,2019,3,7,14,43,10
4783,2019,3,7,14,43,10
4787,2019,3,7,14,43,10
4791,2019,3,7,14,43,10
4795,2019,3,7,14,43,10
4799,2019,3,7,14,43,10
4803,2019,3,7,14,43,10
4808,2019,3,7,14,43,10
4812,2019,3,7,14,43,10
4816,2019,3,7,14,43,10
4820,2019,3,7,14,43,10
4824,2019,3,7,14,43,10
4828,2019,3,7,14,43,10
4832,2019,3,7,14,43,10
4836,2019,3,7,14,43,10
4840,2019,3,7,14,43,10
4844,2019,3,7,14,43,10
4848,2019,3,7,14,43,10
4852,2019,3,7,14,43,10
4856,2019,3,7,14,43,10
4860,2019,3,7,14,43,10
4864,2019,3,7,14,43,10
4868,2019,3,7,14,43,10
4872,2019,3,7,14,43,10
4876,2019,3,7,14,43,10
4880,2019,3,7,14,43,10
4884,2019,3,7,14,43,10
4888,2019,3,7,14,43,10
4892,2019,3,7,14,43,10
4896,2019,3,7,14,43,10
4900,2019,3,7,14,43,10
4904,2019,3,7,14,43,10
4908,2019,3,7,14,43,10
4912,2019,3,7,14,43,10
4917,2019,3,7,14,43,10
4921,2019,3,7,14,43,10
4925,2019,3,7,14,43,10
4929,2019,3,7,14,43,10
4933,2019,3,7,14,43,10
4937,2019,3,7,14,43,10
4941,2019,3,7,14,43,10
4945,2019,3,7,14,43,10
4949,2019,3,7,14,43,10
4953,2019,3,7,14,43,10
4957,2019,3,7,14,43,10
4961,2019,3,7,14,43,10
4965,2019,3,7,14,43,10
4969,2019,3,7,14,43,10
4973,2019,3,7,14,43,10
4977,2019,3,7,14,43,10
4981,2019,3,7,14,43,10
4985,2019,3,7,14,43,10
4989,2019,3,7,14,43,10
4993,2019,3,7,14,43,10
4997,2019,3,7,14,43,10
5001,2019,3,7,14,43,10
5005,2019,3,7,14,43,10
5009,2019,3,7,14,43,10
5013,2019,3,7,14,43,10
5017,2019,3,7,14,43,10
5021,2019,3,7,14,43,10
5026,2019,3,7,14,43,10
5030,2019,3,7,14,43,10
5034,2019,3,7,14,43,10
5038,2019,3,7,14,43,10
5042,2019,3,7,14,43,10
5046,2019,3,7,14,43,10
5050,2019,3,7,14,43,10
5054,2019,3,7,14,43,10
5058,2019,3,7,14,43,10
5062,2019,3,7,14,43,10
5066,2019,3,7,14,43,10
5070,2019,3,7,14,43,10
5074,2019,3,7,14,43,10
5078,2019,3,7,14,43,10
5082,2019,3,7,14,43,10
5086,2019,3,7,14,43,10
5090,2019,3,7,14,43,10
5094,2019,3,7,14,43,10
5098,2019,3,7,14,43,10
5102,2019,3,7,14,43,10
5106,2019,3,7,14,43,10
5110,2019,3,7,14,43,10
5114,2019,3,7,14,43,10
5118,2019,3,7,14,43,10
5122,2019,3,7,14,43,10
5126,2019,3,7,14,43,10
5130,2019,3,7,14,43,10
5135,2019,3,7,14,43,10
5139,2019,3,7,14,43,10
5143,2019,3,7,14,43,10
5147,2019,3,7,14,43,10
5151,2019,3,7,14,43,10
5155,2019,3,7,14,43,10
5159,2019,3,7,14,43,10
5163,2019,3,7,14,43,10
5167,2019,3,7,14,43,10
5171,2019,3,7,14,43,10
5175,2019,3,7,14,43,10
5179,2019,3,7,14,43,10
5183,2019,3,7,14,43,10
5187,2019,3,7,14,43,10
5191,2019,3,7,14,43,10
5195,2019,3,7,14,43,10
5199,2019,3,7,14,43,10
5203,2019,3,7,14,43,10
5207,2019,3,7,14,43,10
5211,2019,3,7,14,43,10
5215,2019,3,7,14,43,10
5219,2019,3,7,14,43,10
5223,2019,3,7,14,43,10
5227,2019,3,7,14,43,10
5231,2019,3,7,14,43,10
5235,2019,3,7,14,43,10
5239,2019,3,7,14,43,10
5244,2019,3,7,14,43,10
5248,2019,3,7,14,43,10
5252,2019,3,7,14,43,10
5256,2019,3,7,14,43,10
5260,2019,3,7,14,43,10
5264,2019,3,7,14,43,10
5268,2019,3,7,14,43,10
5272,2019,3,7,14,43,10
5276,2019,3,7,14,43,10
5280,2019,3,7,14,43,10
5284,2019,3,7,14,43,10
5288,2019,3,7,14,43,10
5292,2019,3,7,14,43,10
5296,2019,3,7,14,43,10
5300,2019,3,7,14,43,10
5304,2019,3,7,14,43,10
5308,2019,3,7,14,43,10
5312,2019,3,7,14,43,10
5316,2019,3,7,14,43,10
5320,2019,3,7,14,43,10
5324,2019,3,7,14,43,10
5328,2019,3,7,14,43,10
5332,2019,3,7,14,43,10
5336,2019,3,7,14,43,10
5340,2019,3,7,14,43,10
5344,2019,3,7,14,43,10
5348,2019,3,7,14,43,10
5353,2019,3,7,14,43,10
5357,2019,3,7,14,43,10
5361,2019,3,7,14,43,10
5365,2019,3,7,14,43,10
5369,2019,3,7,14,43,10
5373,2019,3,7,14,43,10
5377,2019,3,7,14,43,10
5381,2019,3,7,14,43,10
5385,2019,3,7,14,43,10
5389,2019,3,7,14,43,10
5393,2019,3,7,14,43,10
5397,2019,3,7,14,43,10
5401,2019,3,7,14,43,10
5405,2019,3,7,14,43,10
5409,2019,3,7,14,43,10
