Packet number,Roll | Phi | X (degrees), Pitch | Theta | Y (degrees), Yaw | Psi | Z (degrees)
2,-140.1644,24.09853,-144.4617
6,-140.1611,24.09731,-144.4614
10,-140.1337,24.0736,-144.4583
15,-140.1271,24.07115,-144.4577
19,-140.1214,24.07455,-144.4578
23,-140.1181,24.07332,-144.4575
27,-140.1168,24.07632,-144.456
31,-140.1171,24.07765,-144.4593
35,-140.1125,24.07942,-144.4576
39,-140.1161,24.08197,-144.4612
43,-140.1147,24.08496,-144.4597
47,-140.118,24.08618,-144.46
51,-140.1213,24.0874,-144.4604
55,-140.1233,24.09163,-144.4592
59,-140.1279,24.08985,-144.461
63,-140.1323,24.08945,-144.4594
67,-140.1319,24.08813,-144.4561
71,-140.1302,24.0871,-144.4515
75,-140.1331,24.087,-144.4485
79,-140.1345,24.08401,-144.45
83,-140.1328,24.08568,-144.4453
87,-140.1328,24.08568,-144.4453
91,-140.1325,24.08435,-144.442
95,-140.1325,24.08435,-144.442
99,-140.1292,24.08313,-144.4417
103,-140.1292,24.08313,-144.4417
107,-140.1295,24.08445,-144.4449
111,-140.1295,24.08445,-144.4449
115,-140.1295,24.08445,-144.4449
119,-140.1073,24.07904,-144.4436
124,-140.104,24.07781,-144.4432
128,-140.1007,24.07659,-144.4429
132,-140.0974,24.07537,-144.4426
136,-140.0949,24.07998,-144.4431
140,-140.0949,24.07998,-144.4431
144,-140.0949,24.07998,-144.4431
148,-140.0949,24.07998,-144.4431
152,-140.0949,24.07998,-144.4431
156,-140.0936,24.08298,-144.4416
160,-140.0969,24.08421,-144.442
164,-140.0969,24.08421,-144.442
168,-140.0936,24.08298,-144.4416
172,-140.0933,24.08166,-144.4384
176,-140.0946,24.07866,-144.4398
180,-140.0946,24.07866,-144.4398
184,-140.0923,24.07312,-144.4377
188,-140.0923,24.07312,-144.4377
192,-140.0891,24.07189,-144.4373
196,-140.0891,24.07189,-144.4373
200,-140.084,24.06964,-144.4324
204,-140.084,24.06964,-144.4324
208,-140.0854,24.06665,-144.4338
212,-140.0868,24.06635,-144.4352
216,-140.0857,24.06797,-144.4371
220,-140.0843,24.07097,-144.4357
224,-140.0824,24.06675,-144.4368
228,-140.062,24.0495,-144.4375
233,-140.0587,24.04828,-144.4372
237,-140.0522,24.04583,-144.4366
241,-140.0474,24.0449,-144.4349
245,-140.0452,24.03936,-144.4327
249,-140.0452,24.03936,-144.4327
253,-140.0452,24.03936,-144.4327
257,-140.0481,24.03926,-144.4298
261,-140.0468,24.04225,-144.4283
265,-140.0468,24.04225,-144.4283
269,-140.0487,24.04647,-144.4272
273,-140.0487,24.04647,-144.4272
277,-140.0487,24.04647,-144.4272
281,-140.0487,24.04647,-144.4272
285,-140.0501,24.04347,-144.4287
289,-140.0465,24.04093,-144.425
293,-140.0465,24.04093,-144.425
297,-140.0445,24.03671,-144.4262
301,-140.0398,24.03578,-144.4245
305,-140.0408,24.03146,-144.4227
309,-140.0408,24.03146,-144.4227
313,-140.0389,24.02724,-144.4238
317,-140.0353,24.02469,-144.4202
321,-140.0353,24.02469,-144.4202
325,-140.032,24.02347,-144.4199
329,-140.03,24.01925,-144.421
333,-140.0286,24.01954,-144.4197
337,-140.025,24.01699,-144.4161
342,-140.025,24.01699,-144.4161
346,-140.0227,24.01145,-144.4139
350,-140.0227,24.01145,-144.4139
354,-140.0177,24.0092,-144.409
358,-140.0157,24.00498,-144.4101
362,-140.0121,24.00243,-144.4065
366,-140.0121,24.00243,-144.4065
370,-140.0102,23.99821,-144.4077
374,-140.0066,23.99566,-144.4041
378,-140.0079,23.99267,-144.4055
382,-140.0042,23.98741,-144.402
386,-140.0023,23.9832,-144.4032
390,-140,23.97765,-144.401
394,-139.9964,23.9751,-144.3974
398,-139.9945,23.97088,-144.3985
402,-139.9908,23.96563,-144.3951
406,-139.9852,23.95886,-144.3926
410,-139.9843,23.95032,-144.3919
414,-139.9824,23.9461,-144.393
418,-139.9788,23.94355,-144.3894
422,-139.9751,23.9383,-144.386
426,-139.9698,23.93286,-144.3868
430,-139.9663,23.9303,-144.3832
434,-139.9629,23.92637,-144.383
438,-139.956,23.9226,-144.3791
442,-139.9541,23.91838,-144.3802
446,-139.9305,23.87602,-144.3666
451,-139.925,23.86926,-144.3642
455,-139.9208,23.85949,-144.3632
459,-139.9166,23.84973,-144.3622
463,-139.9109,23.84025,-144.3598
467,-139.9067,23.83048,-144.3588
471,-139.9023,23.81939,-144.3546
475,-139.892,23.81168,-144.3505
479,-139.8878,23.80192,-144.3495
483,-139.8789,23.79122,-144.3468
487,-139.8744,23.78012,-144.3426
491,-139.8669,23.76913,-144.3413
495,-139.8613,23.75965,-144.3389
499,-139.8539,23.74866,-144.3376
503,-139.8433,23.73962,-144.3303
507,-139.8311,23.72769,-144.3273
511,-139.8187,23.71443,-144.3211
515,-139.8032,23.70127,-144.3179
519,-139.7875,23.68679,-144.3114
523,-139.7734,23.67064,-144.3096
527,-139.7557,23.65193,-144.3042
531,-139.7336,23.63361,-144.3005
535,-139.7133,23.61634,-144.3014
539,-139.6851,23.59962,-144.3002
543,-139.6601,23.58141,-144.2995
547,-139.6308,23.5663,-144.3003
551,-139.6014,23.55119,-144.3011
555,-139.4541,23.46981,-144.3044
560,-139.4338,23.45255,-144.3054
564,-139.4197,23.43639,-144.3037
568,-139.4039,23.41874,-144.303
572,-139.3865,23.40136,-144.301
576,-139.3676,23.3811,-144.3035
580,-139.3497,23.35651,-144.3042
584,-139.3315,23.33058,-144.3016
588,-139.3083,23.30235,-144.2941
592,-139.2868,23.2752,-144.2912
596,-139.2654,23.24804,-144.2884
600,-139.2382,23.22427,-144.2858
604,-139.2097,23.20348,-144.2816
608,-139.1802,23.18702,-144.2793
612,-139.1493,23.17355,-144.2756
616,-139.1206,23.16564,-144.2739
620,-139.0939,23.16194,-144.2711
624,-139.0668,23.16839,-144.2708
628,-139.0413,23.17459,-144.2718
632,-139.0196,23.18742,-144.2794
636,-138.9941,23.20786,-144.2861
640,-138.9789,23.23603,-144.2966
644,-138.9627,23.27167,-144.3032
648,-138.9474,23.29985,-144.3138
652,-138.9299,23.32248,-144.3223
656,-138.9131,23.33492,-144.335
660,-138.9058,23.33367,-144.3486
664,-138.8912,23.26196,-144.2767
669,-138.8912,23.26159,-144.238
673,-138.8881,23.26312,-144.1932
677,-138.8869,23.26885,-144.1472
681,-138.8909,23.28004,-144.1003
685,-138.9025,23.29206,-144.052
689,-138.9212,23.31376,-144.0017
693,-138.9434,23.33806,-143.9549
697,-138.9771,23.36717,-143.9135
701,-139.0137,23.39128,-143.884
705,-139.0666,23.38192,-143.8777
709,-139.1537,23.33031,-143.9039
713,-139.2504,23.26499,-143.931
717,-139.3315,23.21805,-143.9538
721,-139.3705,23.20036,-143.9695
725,-139.3788,23.2021,-143.9837
729,-139.3713,23.24075,-144.0078
733,-139.3747,23.31173,-144.0332
737,-139.387,23.40947,-144.0578
741,-139.4039,23.52284,-144.0775
745,-139.4247,23.64284,-144.104
749,-139.4404,23.77341,-144.1281
753,-139.4386,23.90125,-144.1435
757,-139.433,24.02382,-144.1555
761,-139.422,24.1396,-144.1651
765,-139.4149,24.24778,-144.1757
769,-139.4116,24.34883,-144.1816
773,-139.4183,24.60841,-144.0691
778,-139.4033,24.59903,-144.0367
782,-139.3831,24.58419,-144.0051
786,-139.3701,24.56298,-143.9749
790,-139.372,24.52068,-143.9425
794,-139.3679,24.46438,-143.9103
798,-139.3439,24.39209,-143.8823
802,-139.3026,24.3134,-143.8636
806,-139.2507,24.23397,-143.8493
810,-139.196,24.15463,-143.838
814,-139.1416,24.07664,-143.8301
818,-139.0812,23.99571,-143.834
822,-139.0195,23.91328,-143.8456
826,-138.9582,23.82774,-143.8698
830,-138.9021,23.74276,-143.908
834,-138.8463,23.65917,-143.9495
838,-138.7944,23.58229,-143.9978
842,-138.7386,23.51302,-144.045
846,-138.6916,23.45007,-144.1039
850,-138.6468,23.39546,-144.1648
854,-138.6066,23.33914,-144.2275
858,-138.5631,23.28163,-144.2899
862,-138.5268,23.21644,-144.357
866,-138.4911,23.14248,-144.4249
870,-138.4567,23.05268,-144.492
874,-138.4278,22.9537,-144.5649
878,-138.4003,22.8416,-144.6367
882,-138.3922,22.06267,-145.2175
887,-138.4238,21.92255,-145.3539
891,-138.4645,21.78111,-145.5054
895,-138.5181,21.63378,-145.6672
899,-138.5802,21.4809,-145.8411
903,-138.6461,21.32427,-146.0252
907,-138.7097,21.16462,-146.2134
911,-138.7812,20.99794,-146.4101
915,-138.85,20.82686,-146.6077
919,-138.9161,20.65139,-146.8059
923,-138.9814,20.47572,-147.0037
927,-139.0513,20.29182,-147.2098
931,-139.1225,20.10027,-147.4149
935,-139.1996,19.90043,-147.624
939,-139.2783,19.69575,-147.8318
943,-139.3625,19.493,-148.0394
947,-139.4482,19.29541,-148.2486
951,-139.5386,19.10405,-148.4595
955,-139.6302,18.91652,-148.6687
959,-139.7271,18.73934,-148.8827
963,-139.8277,18.56109,-149.1009
967,-139.9287,18.39098,-149.3193
971,-140.0312,18.21432,-149.5399
975,-140.1355,18.03528,-149.7656
979,-140.2323,17.85217,-149.9939
983,-140.325,17.65734,-150.2252
987,-140.4164,17.45057,-150.4564
991,-140.8055,15.94523,-151.7653
996,-140.8609,15.65186,-151.9639
1000,-140.9189,15.35065,-152.1572
1004,-140.9875,15.04629,-152.3461
1008,-141.0578,14.74018,-152.528
1012,-141.1334,14.43326,-152.7029
1016,-141.2065,14.13117,-152.8665
1020,-141.2854,13.83371,-153.0293
1024,-141.3878,13.54647,-153.1962
1028,-141.5027,13.26676,-153.3657
1032,-141.6273,12.985,-153.5327
1036,-141.7431,12.70123,-153.6979
1040,-141.8506,12.41978,-153.8641
1044,-141.9605,12.14008,-154.0329
1048,-142.0735,11.87371,-154.2041
1052,-142.1837,11.61147,-154.3758
1056,-142.2966,11.35521,-154.553
1060,-142.412,11.10061,-154.7329
1064,-142.529,10.85085,-154.9143
1068,-142.6529,10.60462,-155.1025
1072,-142.7861,10.36472,-155.2931
1076,-142.9225,10.13795,-155.4861
1080,-143.0656,9.923918,-155.6783
1084,-143.2139,9.718523,-155.8717
1088,-143.3666,9.522923,-156.0688
1092,-143.5291,9.327013,-156.2699
1096,-143.6989,9.136344,-156.474
1100,-144.7656,7.975059,-157.7525
1105,-144.9471,7.788004,-157.9759
1109,-145.1225,7.60935,-158.1954
1113,-145.2668,7.435141,-158.3971
1117,-145.3738,7.247169,-158.5866
1121,-145.4754,7.040321,-158.7926
1125,-145.5797,6.818836,-159.01
1129,-145.6724,6.581187,-159.2311
1133,-145.7492,6.332961,-159.4486
1137,-145.808,6.076872,-159.6628
1141,-145.8569,5.806695,-159.8726
1145,-145.899,5.523116,-160.0779
1149,-145.9341,5.236828,-160.2641
1153,-145.9663,4.94115,-160.4456
1157,-146.0117,4.649905,-160.6339
1161,-146.0731,4.36588,-160.8245
1165,-146.1454,4.099327,-161.0177
1169,-146.2324,3.84746,-161.2143
1173,-146.3303,3.613942,-161.4166
1177,-146.4442,3.396012,-161.6262
1181,-146.5681,3.194169,-161.8344
1185,-146.7005,3.005557,-162.046
1189,-146.8332,2.831275,-162.2563
1193,-146.9701,2.670534,-162.4731
1197,-147.109,2.520838,-162.6902
1201,-147.2438,2.387174,-162.9015
1205,-147.3681,2.243753,-163.1109
1209,-147.9854,1.344301,-164.3604
1214,-148.0647,1.188598,-164.5529
1218,-148.1357,1.033045,-164.7372
1222,-148.2016,0.8771923,-164.91
1226,-148.262,0.7263326,-165.077
1230,-148.3124,0.5881912,-165.2288
1234,-148.3491,0.4666949,-165.368
1238,-148.3761,0.350732,-165.5045
1242,-148.4094,0.2510692,-165.6446
1246,-148.4541,0.1673554,-165.7836
1250,-148.5085,0.1012465,-165.9294
1254,-148.5564,0.05218445,-166.0735
1258,-148.6027,0.01400622,-166.218
1262,-148.6502,-0.006173593,-166.3611
1266,-148.6965,-0.01640532,-166.5013
1270,-148.7399,-0.01101869,-166.633
1274,-148.7859,0.01007076,-166.768
1278,-148.838,0.04536161,-166.8995
1282,-148.8942,0.09705094,-167.0223
1286,-148.9454,0.1641057,-167.1373
1290,-148.9882,0.2374865,-167.2393
1294,-149.027,0.3171368,-167.3395
1298,-149.0716,0.4066159,-167.4335
1302,-149.1194,0.4997533,-167.5265
1306,-149.1507,0.6027586,-167.6088
1310,-149.1782,0.7102199,-167.6826
1314,-149.1935,0.8280605,-167.7458
1318,-149.0532,1.424963,-167.9847
1323,-148.9857,1.514716,-167.99
1327,-148.9096,1.602696,-167.9912
1331,-148.833,1.702283,-167.9822
1335,-148.7499,1.811047,-167.9551
1339,-148.6563,1.912414,-167.9185
1343,-148.5657,2.024207,-167.8793
1347,-148.487,2.150857,-167.8358
1351,-148.4169,2.298745,-167.7867
1355,-148.3609,2.470032,-167.7239
1359,-148.3237,2.670445,-167.6538
1363,-148.3028,2.902348,-167.5714
1367,-148.3069,3.166604,-167.4775
1371,-148.3251,3.458708,-167.373
1375,-148.3661,3.790924,-167.2584
1379,-148.4255,4.142422,-167.1396
1383,-148.4977,4.522918,-167.0135
1387,-148.5808,4.925331,-166.8827
1391,-148.6677,5.340789,-166.7558
1395,-148.7494,5.762698,-166.6275
1399,-148.8153,6.17978,-166.4996
1403,-148.8523,6.584929,-166.3656
1407,-148.8549,6.978716,-166.2276
1411,-148.8396,7.361674,-166.0837
1415,-148.7997,7.720932,-165.9293
1419,-148.7434,8.065586,-165.7653
1423,-148.6629,8.388603,-165.5865
1427,-148.0507,10.16916,-164.234
1432,-147.9567,10.49212,-163.9485
1436,-147.8629,10.84775,-163.6447
1440,-147.7823,11.23825,-163.3279
1444,-147.7193,11.66091,-162.9951
1448,-147.6763,12.11012,-162.6524
1452,-147.6502,12.58318,-162.3041
1456,-147.6243,13.07278,-161.9467
1460,-147.5957,13.57191,-161.5919
1464,-147.5567,14.07384,-161.238
1468,-147.5088,14.56361,-160.892
1472,-147.4374,15.03968,-160.5449
1476,-147.3395,15.50219,-160.1996
1480,-147.2132,15.94563,-159.8538
1484,-147.067,16.37356,-159.5103
1488,-146.8958,16.7817,-159.1628
1492,-146.7094,17.16558,-158.8184
1496,-146.5146,17.52373,-158.4782
1500,-146.318,17.85843,-158.1357
1504,-146.1296,18.17639,-157.7944
1508,-145.9596,18.48373,-157.4481
1512,-145.8037,18.78008,-157.0958
1516,-145.6777,19.0664,-156.7294
1520,-145.5784,19.35582,-156.3595
1524,-145.5142,19.6439,-155.9896
1528,-145.4847,19.94348,-155.6121
1532,-145.4878,20.25023,-155.2351
1536,-145.8835,22.4355,-153.1096
1541,-145.9437,22.83552,-152.8188
1545,-145.9673,23.23027,-152.5468
1549,-145.9445,23.61335,-152.299
1553,-145.8686,23.97643,-152.0735
1557,-145.747,24.30883,-151.8634
1561,-145.59,24.60728,-151.6695
1565,-145.4113,24.86914,-151.4848
1569,-145.2124,25.09618,-151.3018
1573,-144.9929,25.28448,-151.1172
1577,-144.752,25.44784,-150.9353
1581,-144.494,25.58431,-150.7639
1585,-144.2392,25.70797,-150.5899
1589,-144.0081,25.81079,-150.4109
1593,-143.7861,25.90749,-150.206
1597,-143.5818,25.99352,-149.9899
1601,-143.4156,26.0807,-149.7854
1605,-143.2853,26.1714,-149.5936
1609,-143.1641,26.29111,-149.401
1613,-143.0514,26.44279,-149.213
1617,-142.9541,26.63395,-149.0304
1621,-142.8792,26.85738,-148.8521
1625,-142.827,27.10948,-148.6782
1629,-142.7948,27.38653,-148.5153
1633,-142.7696,27.67087,-148.3595
1637,-142.7424,27.96245,-148.2108
1641,-142.703,28.24887,-148.0676
1645,-142.0802,29.54744,-147.3487
1650,-141.909,29.64057,-147.2497
1654,-141.7252,29.71423,-147.15
1658,-141.5447,29.77733,-147.0511
1662,-141.3572,29.82631,-146.9512
1666,-141.176,29.85791,-146.861
1670,-141.0018,29.87353,-146.7839
1674,-140.8419,29.88594,-146.7242
1678,-140.7025,29.89429,-146.6705
1682,-140.5765,29.90037,-146.6103
1686,-140.4725,29.91311,-146.5549
1690,-140.3891,29.94367,-146.5078
1694,-140.321,29.98887,-146.4671
1698,-140.2709,30.04641,-146.4323
1702,-140.2393,30.10373,-146.4076
1706,-140.2239,30.15201,-146.3965
1710,-140.2031,30.19158,-146.3916
1714,-140.1739,30.2201,-146.396
1718,-140.144,30.24383,-146.414
1722,-140.1313,30.25093,-146.4497
1726,-140.139,30.2459,-146.4977
1730,-140.1463,30.23042,-146.5542
1734,-140.135,30.21059,-146.621
1738,-140.1055,30.17983,-146.71
1742,-140.0622,30.1454,-146.8227
1746,-140.0191,30.109,-146.9559
1750,-139.9702,30.06722,-147.1007
1754,-140.0185,29.82357,-148.2957
1759,-140.1171,29.77705,-148.546
1763,-140.241,29.71633,-148.8192
1767,-140.3838,29.62642,-149.107
1771,-140.5388,29.50624,-149.4114
1775,-140.7098,29.3524,-149.7305
1779,-140.8927,29.1726,-150.0633
1783,-141.0825,28.96297,-150.4017
1787,-141.2782,28.72775,-150.7475
1791,-141.4749,28.46758,-151.1019
1795,-141.667,28.18869,-151.4647
1799,-141.8568,27.88833,-151.8329
1803,-142.0391,27.56512,-152.21
1807,-142.2147,27.21604,-152.597
1811,-142.389,26.84618,-152.9935
1815,-142.5647,26.4539,-153.4001
1819,-142.7371,26.04381,-153.8143
1823,-142.9201,25.62795,-154.2433
1827,-143.1077,25.20947,-154.6789
1831,-143.3014,24.7904,-155.1217
1835,-143.5054,24.38307,-155.5723
1839,-143.7216,23.97835,-156.0334
1843,-143.9468,23.57992,-156.4955
1847,-144.1745,23.17242,-156.9622
1851,-144.4053,22.7606,-157.4246
1855,-144.6412,22.34629,-157.8903
1859,-144.8798,21.9248,-158.3518
1863,-146.4686,19.21394,-161.0259
1868,-146.7617,18.71444,-161.445
1872,-147.0508,18.2043,-161.8555
1876,-147.3378,17.68897,-162.2595
1880,-147.6242,17.17358,-162.6483
1884,-147.9096,16.66488,-163.0306
1888,-148.2006,16.15714,-163.403
1892,-148.4885,15.6532,-163.7733
1896,-148.7795,15.16375,-164.1397
1900,-149.0728,14.67699,-164.5023
1904,-149.3648,14.20343,-164.857
1908,-149.6511,13.7403,-165.2118
1912,-149.9315,13.28145,-165.5576
1916,-150.198,12.83476,-165.8985
1920,-150.4586,12.3959,-166.2298
1924,-150.7113,11.96971,-166.5533
1928,-150.9592,11.55036,-166.8647
1932,-151.1945,11.13505,-167.1671
1936,-151.428,10.72751,-167.4576
1940,-151.6534,10.31842,-167.7308
1944,-151.8735,9.913688,-167.9926
1948,-152.0889,9.516534,-168.2425
1952,-152.296,9.130007,-168.4797
1956,-152.5015,8.758399,-168.7039
1960,-152.7063,8.395015,-168.9169
1964,-152.9139,8.051101,-169.1202
1968,-153.1277,7.719625,-169.3119
1972,-154.4578,6.131534,-170.3114
1977,-154.6944,5.93422,-170.4713
1981,-154.9285,5.751541,-170.6338
1985,-155.1643,5.582914,-170.7959
1989,-155.4028,5.423785,-170.9695
1993,-155.6368,5.265992,-171.1523
1997,-155.8671,5.108645,-171.3412
2001,-156.0874,4.94017,-171.5348
2005,-156.2904,4.756715,-171.7332
2009,-156.4743,4.567244,-171.9273
2013,-156.6362,4.3708,-172.1139
2017,-156.7716,4.173481,-172.2877
2021,-156.8909,3.973487,-172.4534
2025,-156.9955,3.773479,-172.6073
2029,-157.084,3.574393,-172.7525
2033,-157.1645,3.379378,-172.8855
2037,-157.2315,3.199365,-173.0073
2041,-157.2928,3.044352,-173.1129
2045,-157.3553,2.905275,-173.2078
2049,-157.4162,2.796256,-173.2931
2053,-157.4776,2.711486,-173.3731
2057,-157.545,2.646932,-173.4457
2061,-157.6141,2.609297,-173.5094
2065,-157.6785,2.592673,-173.5723
2069,-157.7407,2.598709,-173.6233
2073,-157.8013,2.633538,-173.6758
2077,-157.8568,2.684657,-173.7212
2081,-157.9918,3.26349,-173.9383
2086,-157.9494,3.382513,-173.9526
2090,-157.8817,3.505724,-173.9579
2094,-157.7915,3.63338,-173.954
2098,-157.6722,3.768415,-173.9401
2102,-157.5338,3.903919,-173.9141
2106,-157.373,4.04985,-173.8739
2110,-157.196,4.203895,-173.8236
2114,-157.0068,4.36955,-173.7626
2118,-156.8051,4.555505,-173.6819
2122,-156.6004,4.757066,-173.5897
2126,-156.4045,4.981392,-173.4853
2130,-156.2189,5.23158,-173.3642
2134,-156.0447,5.515676,-173.232
2138,-155.8875,5.826813,-173.0867
2142,-155.7446,6.172095,-172.9304
2146,-155.6188,6.548506,-172.7638
2150,-155.5105,6.954195,-172.5946
2154,-155.4164,7.381393,-172.4207
2158,-155.3385,7.817113,-172.2491
2162,-155.2688,8.249473,-172.0743
2166,-155.196,8.670916,-171.9012
2170,-155.111,9.073069,-171.7231
2174,-155.0019,9.449187,-171.5477
2178,-154.864,9.796742,-171.3641
2182,-154.6984,10.12109,-171.182
2186,-154.503,10.42677,-170.9888
2190,-152.6515,11.84815,-169.5599
2195,-152.2743,12.08952,-169.2795
2199,-151.9038,12.36374,-168.9855
2203,-151.5504,12.68871,-168.6891
2207,-151.2092,13.07674,-168.3782
2211,-150.8946,13.53116,-168.0608
2215,-150.604,14.05232,-167.7402
2219,-150.3435,14.63074,-167.4156
2223,-150.1192,15.25988,-167.0903
2227,-149.9299,15.91238,-166.7678
2231,-149.7717,16.57496,-166.4451
2235,-149.6269,17.23407,-166.1264
2239,-149.4893,17.86902,-165.8098
2243,-149.342,18.47086,-165.495
2247,-149.177,19.02181,-165.1851
2251,-148.9894,19.51875,-164.8771
2255,-148.7752,19.96696,-164.5607
2259,-148.5373,20.35745,-164.2427
2263,-148.2576,20.68662,-163.91
2267,-147.9422,20.96263,-163.5717
2271,-147.5894,21.19667,-163.221
2275,-147.2168,21.39046,-162.8725
2279,-146.841,21.56466,-162.5233
2283,-146.4683,21.71355,-162.185
2287,-146.118,21.84144,-161.8648
2291,-145.7955,21.96463,-161.5583
2295,-145.5025,22.13077,-161.262
2299,-144.3959,24.87385,-159.5874
2304,-144.3011,25.52989,-159.3189
2308,-144.2183,26.19234,-159.0607
2312,-144.128,26.84447,-158.8061
2316,-144.0275,27.4797,-158.5562
2320,-143.917,28.08601,-158.3116
2324,-143.7884,28.65491,-158.0617
2328,-143.6502,29.185,-157.8092
2332,-143.5038,29.6726,-157.5491
2336,-143.3449,30.12382,-157.2806
2340,-143.1805,30.54073,-157.0063
2344,-143.0135,30.91588,-156.7333
2348,-142.8508,31.26344,-156.4634
2352,-142.6952,31.59192,-156.1858
2356,-142.5396,31.9139,-155.8976
2360,-142.3974,32.23846,-155.6116
2364,-142.2702,32.576,-155.332
2368,-142.1676,32.92146,-155.0685
2372,-142.075,33.27638,-154.8151
2376,-141.9954,33.64274,-154.5803
2380,-141.9269,34.01986,-154.3711
2384,-141.8724,34.40084,-154.1845
2388,-141.8353,34.78881,-154.024
2392,-141.802,35.18033,-153.8707
2396,-141.7718,35.58174,-153.7291
2400,-141.7272,35.99481,-153.5923
2404,-141.6659,36.41543,-153.461
2408,-141.0484,38.81219,-152.7806
2413,-140.9295,39.16247,-152.6748
2417,-140.8121,39.4933,-152.5691
2421,-140.6964,39.79557,-152.4636
2425,-140.5852,40.06904,-152.3558
2429,-140.4839,40.31831,-152.2506
2433,-140.388,40.54371,-152.1414
2437,-140.3029,40.74984,-152.0329
2441,-140.2278,40.93609,-151.9296
2445,-140.1644,41.10802,-151.8253
2449,-140.1002,41.26937,-151.729
2453,-140.0447,41.41962,-151.645
2457,-139.9879,41.55998,-151.565
2461,-139.9323,41.69611,-151.495
2465,-139.8815,41.82426,-151.4384
2469,-139.8214,41.94735,-151.3837
2473,-139.7589,42.06635,-151.3295
2477,-139.6926,42.18903,-151.2715
2481,-139.6178,42.31356,-151.2128
2485,-139.5326,42.44077,-151.1518
2489,-139.43,42.56894,-151.0818
2493,-139.319,42.70507,-151
2497,-139.1937,42.84877,-150.9036
2501,-139.0613,42.99749,-150.7972
2505,-138.9219,43.14994,-150.6891
2509,-138.772,43.30066,-150.5762
2513,-138.6133,43.44378,-150.4624
2517,-137.6679,43.95563,-149.8333
2522,-137.5526,43.98845,-149.7653
2526,-137.4701,44.00439,-149.7174
2530,-137.4304,44.01013,-149.6911
2534,-137.4214,44.00616,-149.6848
2538,-137.4306,44.00407,-149.7022
2542,-137.4612,43.99637,-149.7413
2546,-137.5149,43.99434,-149.8006
2550,-137.58,43.98616,-149.8686
2554,-137.6355,43.97516,-149.9411
2558,-137.6915,43.94884,-150.0253
2562,-137.7616,43.91497,-150.124
2566,-137.8378,43.86906,-150.235
2570,-137.9181,43.81511,-150.3476
2574,-138.0023,43.74697,-150.4729
2578,-138.0994,43.66851,-150.617
2582,-138.1933,43.57896,-150.7643
2586,-138.2765,43.47782,-150.9118
2590,-138.3451,43.35773,-151.0568
2594,-138.4115,43.22801,-151.2086
2598,-138.4705,43.08308,-151.3642
2602,-138.5351,42.92173,-151.5293
2606,-138.6299,42.73603,-151.7152
2610,-138.7463,42.52777,-151.9211
2614,-138.89,42.28659,-152.1457
2618,-139.057,42.0223,-152.3864
2622,-139.2531,41.72522,-152.6499
2626,-140.7403,39.23054,-154.6906
2631,-140.9901,38.67931,-155.0756
2635,-141.227,38.08144,-155.4592
2639,-141.4567,37.4398,-155.8537
2643,-141.6713,36.74726,-156.2464
2647,-141.8752,36.01262,-156.6436
2651,-142.0724,35.23739,-157.0419
2655,-142.2586,34.42486,-157.4423
2659,-142.4352,33.58102,-157.8465
2663,-142.6118,32.71167,-158.2554
2667,-142.788,31.8311,-158.6675
2671,-142.9729,30.93944,-159.0778
2675,-143.1603,30.03943,-159.4829
2679,-143.3559,29.13235,-159.888
2683,-143.5595,28.22322,-160.2904
2687,-143.766,27.30779,-160.6869
2691,-143.9819,26.38645,-161.0753
2695,-144.206,25.45817,-161.4585
2699,-144.434,24.52663,-161.8306
2703,-144.6756,23.60147,-162.1943
2707,-144.9208,22.68689,-162.5418
2711,-145.1742,21.79172,-162.8791
2715,-145.4346,20.90817,-163.2004
2719,-145.7012,20.04969,-163.5053
2723,-145.9691,19.21283,-163.7979
2727,-146.2394,18.40946,-164.0782
2731,-146.5053,17.64157,-164.3449
2735,-148.2728,13.66671,-165.8188
2740,-148.5744,13.08912,-166.0431
2744,-148.8878,12.52416,-166.265
2748,-149.2115,11.98168,-166.4815
2752,-149.5388,11.45449,-166.6829
2756,-149.869,10.95454,-166.8735
2760,-150.2039,10.47187,-167.0562
2764,-150.5438,10.00781,-167.224
2768,-150.8884,9.557932,-167.3848
2772,-151.2396,9.121864,-167.5395
2776,-151.6007,8.703423,-167.6875
2780,-151.9757,8.299671,-167.83
2784,-152.3663,7.917901,-167.9649
2788,-152.7676,7.556984,-168.0929
2792,-153.1816,7.217645,-168.2135
2796,-153.6086,6.907343,-168.329
2800,-154.0454,6.626495,-168.4429
2804,-154.4878,6.379783,-168.5611
2808,-154.9303,6.162846,-168.6849
2812,-155.3727,5.973081,-168.8183
2816,-155.8116,5.809242,-168.9584
2820,-156.2455,5.660559,-169.1078
2824,-156.674,5.523629,-169.2671
2828,-157.0876,5.389761,-169.4341
2832,-157.5006,5.260207,-169.6098
2836,-157.8916,5.125514,-169.7908
2840,-158.2541,4.981631,-169.9777
2844,-159.8582,3.802372,-171.0661
2849,-160.0445,3.542249,-171.2214
2853,-160.2122,3.268198,-171.3665
2857,-160.3649,2.986826,-171.4971
2861,-160.5023,2.702287,-171.6161
2865,-160.6316,2.414601,-171.7203
2869,-160.7591,2.132428,-171.8155
2873,-160.8781,1.861577,-171.8973
2877,-160.9918,1.603548,-171.9725
2881,-161.0963,1.360986,-172.0371
2885,-161.1996,1.131543,-172.0956
2889,-161.2905,0.9179607,-172.147
2893,-161.3753,0.7316765,-172.1934
2897,-161.4481,0.5659022,-172.2397
2901,-161.5154,0.4274784,-172.2812
2905,-161.5735,0.3138272,-172.3254
2909,-161.6264,0.2246512,-172.3691
2913,-161.6775,0.1613044,-172.4191
2917,-161.7271,0.1197668,-172.4727
2921,-161.7753,0.1075383,-172.5324
2925,-161.8179,0.1208666,-172.5983
2929,-161.8583,0.1669242,-172.6697
2933,-161.8938,0.2385735,-172.7477
2937,-161.9204,0.3419664,-172.8277
2941,-161.9376,0.4781979,-172.9165
2945,-161.9573,0.6439583,-173.0115
2949,-161.9792,0.8357586,-173.1131
2953,-161.8286,2.250047,-173.6663
2958,-161.7414,2.505309,-173.733
2962,-161.6387,2.768643,-173.7866
2966,-161.5167,3.04677,-173.8259
2970,-161.384,3.326697,-173.8568
2974,-161.2394,3.61825,-173.874
2978,-161.0834,3.910441,-173.8755
2982,-160.922,4.218019,-173.8626
2986,-160.7666,4.535737,-173.8439
2990,-160.6238,4.866844,-173.8153
2994,-160.4976,5.201192,-173.7791
2998,-160.3881,5.545545,-173.7342
3002,-160.2862,5.908845,-173.6713
3006,-160.1956,6.295209,-173.5936
3010,-160.1124,6.701728,-173.5049
3014,-160.0412,7.128302,-173.4058
3018,-159.9883,7.569506,-173.301
3022,-159.9375,8.01774,-173.1947
3026,-159.8855,8.46734,-173.0945
3030,-159.8194,8.908952,-172.9941
3034,-159.7275,9.342831,-172.8956
3038,-159.6061,9.76804,-172.7949
3042,-159.4445,10.17898,-172.6847
3046,-159.2373,10.58104,-172.5556
3050,-158.9888,10.97123,-172.4119
3054,-158.7098,11.34267,-172.252
3058,-158.4029,11.70639,-172.0775
3062,-156.4303,13.98059,-170.7807
3067,-156.1685,14.41965,-170.5424
3071,-155.9421,14.88327,-170.3086
3075,-155.7454,15.37768,-170.0736
3079,-155.5896,15.9017,-169.8431
3083,-155.4694,16.4518,-169.6215
3087,-155.3923,17.02367,-169.4043
3091,-155.3498,17.61545,-169.1941
3095,-155.3323,18.21498,-168.9969
3099,-155.3254,18.8127,-168.8158
3103,-155.325,19.40541,-168.6402
3107,-155.3038,19.97442,-168.4622
3111,-155.2525,20.52105,-168.2824
3115,-155.1563,21.02545,-168.0916
3119,-155.0045,21.47777,-167.8928
3123,-154.7927,21.86618,-167.6874
3127,-154.5203,22.18542,-167.4691
3131,-154.1975,22.44603,-167.2375
3135,-153.8371,22.65698,-166.9932
3139,-153.4447,22.81734,-166.7382
3143,-153.0262,22.94163,-166.481
3147,-152.5896,23.02934,-166.2204
3151,-152.1473,23.09433,-165.9525
3155,-151.7142,23.14122,-165.6866
3159,-151.2967,23.18059,-165.4218
3163,-150.8971,23.22392,-165.1593
3167,-150.5136,23.27942,-164.8999
3171,-148.9114,24.42118,-163.4539
3176,-148.7661,24.77898,-163.2467
3180,-148.6449,25.18376,-163.0484
3184,-148.5426,25.62885,-162.8636
3188,-148.4541,26.10915,-162.6929
3192,-148.3679,26.61739,-162.5351
3196,-148.2696,27.15073,-162.3872
3200,-148.148,27.70017,-162.2448
3204,-147.9966,28.25673,-162.1046
3208,-147.8173,28.808,-161.9633
3212,-147.616,29.34227,-161.8186
3216,-147.3904,29.85663,-161.6742
3220,-147.143,30.34355,-161.5183
3224,-146.8789,30.7992,-161.3569
3228,-146.593,31.22296,-161.1814
3232,-146.2921,31.61757,-160.9895
3236,-145.9765,31.98828,-160.779
3240,-145.6586,32.34332,-160.5554
3244,-145.3405,32.68607,-160.3215
3248,-145.0266,33.02208,-160.0775
3252,-144.7243,33.35302,-159.8253
3256,-144.425,33.68576,-159.5593
3260,-144.1426,34.02525,-159.2981
3264,-143.88,34.37916,-159.0361
3268,-143.6453,34.75137,-158.7866
3272,-143.4459,35.14394,-158.5517
3276,-143.2762,35.5502,-158.3285
3280,-142.1795,37.95747,-157.3073
3285,-141.9635,38.31083,-157.1827
3289,-141.7501,38.63918,-157.0677
3293,-141.5291,38.94086,-156.963
3297,-141.3003,39.223,-156.8575
3301,-141.0685,39.48091,-156.7557
3305,-140.8386,39.72046,-156.6569
3309,-140.6102,39.93818,-156.5551
3313,-140.3919,40.14096,-156.4509
3317,-140.1869,40.32931,-156.3497
3321,-139.996,40.49675,-156.247
3325,-139.8266,40.65192,-156.1501
3329,-139.6772,40.79781,-156.0574
3333,-139.5577,40.93571,-155.9729
3337,-139.4601,41.08051,-155.8907
3341,-139.3888,41.23409,-155.82
3345,-139.3365,41.39293,-155.7549
3349,-139.298,41.56396,-155.7025
3353,-139.2792,41.74109,-155.6639
3357,-139.2785,41.92722,-155.6375
3361,-139.2943,42.12757,-155.624
3365,-139.3235,42.33324,-155.6263
3369,-139.3709,42.55022,-155.6437
3373,-139.4297,42.78321,-155.6716
3377,-139.4995,43.02232,-155.7019
3381,-139.5837,43.27713,-155.7403
3385,-139.6727,43.52874,-155.7786
3389,-140.2735,44.69313,-156.1063
3394,-140.3615,44.78445,-156.1724
3398,-140.4399,44.83008,-156.2376
3402,-140.5221,44.81866,-156.3175
3406,-140.6026,44.75086,-156.4047
3410,-140.6803,44.62169,-156.5008
3414,-140.7516,44.43504,-156.6022
3418,-140.8307,44.18943,-156.7203
3422,-140.9219,43.89507,-156.8561
3426,-141.0224,43.56402,-156.9951
3430,-141.1387,43.21138,-157.1492
3434,-141.2465,42.84929,-157.2984
3438,-141.3555,42.48171,-157.4574
3442,-141.4489,42.10624,-157.6154
3446,-141.5402,41.72357,-157.7862
3450,-141.6343,41.32595,-157.9634
3454,-141.7312,40.92475,-158.1499
3458,-141.8407,40.50455,-158.3482
3462,-141.9533,40.07483,-158.5584
3466,-142.0628,39.62494,-158.7736
3470,-142.172,39.16087,-158.9928
3474,-142.2766,38.67597,-159.2208
3478,-142.3727,38.17859,-159.4447
3482,-142.4719,37.66795,-159.6736
3486,-142.5702,37.14668,-159.9005
3490,-142.6702,36.61866,-160.1252
3494,-142.7645,36.07358,-160.3408
3498,-143.3989,32.65319,-161.4913
3503,-143.5669,32.05539,-161.6742
3507,-143.7525,31.44441,-161.8536
3511,-143.9571,30.82249,-162.0364
3515,-144.1805,30.19851,-162.2153
3519,-144.4189,29.57594,-162.3915
3523,-144.6661,28.95101,-162.5599
3527,-144.926,28.33984,-162.7277
3531,-145.1947,27.73477,-162.8922
3535,-145.4689,27.14188,-163.0545
3539,-145.75,26.55881,-163.2115
3543,-146.0356,25.98567,-163.3593
3547,-146.3143,25.41951,-163.4993
3551,-146.586,24.86893,-163.6364
3555,-146.8486,24.33272,-163.7711
3559,-147.1133,23.80701,-163.9071
3563,-147.3705,23.29048,-164.0314
3567,-147.6317,22.78227,-164.1552
3571,-147.8905,22.28344,-164.2691
3575,-148.1467,21.79558,-164.3759
3579,-148.402,21.31493,-164.4778
3583,-148.6578,20.84101,-164.5753
3587,-148.908,20.37322,-164.6635
3591,-149.1615,19.90904,-164.7449
3595,-149.4118,19.4501,-164.8184
3599,-149.664,18.99856,-164.8837
3603,-149.9282,18.55429,-164.9436
3607,-151.8223,16.16743,-165.2752
3612,-152.1681,15.84216,-165.3403
3616,-152.5072,15.53862,-165.4078
3620,-152.8357,15.25536,-165.4843
3624,-153.154,14.98606,-165.5612
3628,-153.4674,14.73044,-165.6502
3632,-153.7749,14.48171,-165.7385
3636,-154.0754,14.23314,-165.8316
3640,-154.3676,13.9884,-165.9282
3644,-154.6593,13.744,-166.0268
3648,-154.9458,13.50309,-166.1259
3652,-155.228,13.26537,-166.2259
3656,-155.5141,13.04352,-166.3285
3660,-155.7978,12.82821,-166.4278
3664,-156.0795,12.62747,-166.5297
3668,-156.3598,12.43789,-166.6351
3672,-156.6414,12.25609,-166.7412
3676,-156.9254,12.08176,-166.8486
3680,-157.2124,11.91222,-166.9615
3684,-157.4985,11.74311,-167.0765
3688,-157.774,11.5687,-167.1904
3692,-158.0384,11.38929,-167.3029
3696,-158.292,11.20395,-167.4108
3700,-158.5238,11.00926,-167.5168
3704,-158.7305,10.80321,-167.6141
3708,-158.9195,10.58812,-167.7103
3712,-159.0828,10.3646,-167.7937
3716,-159.7598,8.967009,-168.1978
3721,-159.8366,8.753551,-168.2554
3725,-159.9047,8.553544,-168.3132
3729,-159.9677,8.364802,-168.3751
3733,-160.0218,8.192963,-168.4367
3737,-160.0744,8.036026,-168.5025
3741,-160.1163,7.903855,-168.5695
3745,-160.1526,7.793064,-168.6394
3749,-160.1875,7.701858,-168.7198
3753,-160.2208,7.628989,-168.804
3757,-160.2433,7.580292,-168.8861
3761,-160.2588,7.542795,-168.9767
3765,-160.2504,7.520556,-169.0625
3769,-160.2186,7.510816,-169.1474
3773,-160.1648,7.513286,-169.2322
3777,-160.0877,7.523674,-169.31
3781,-159.9945,7.550676,-169.387
3785,-159.8858,7.586834,-169.461
3789,-159.7646,7.635952,-169.5315
3793,-159.628,7.694262,-169.5989
3797,-159.4748,7.77206,-169.6612
3801,-159.3084,7.862384,-169.716
3805,-159.1337,7.965868,-169.7675
3809,-158.9456,8.088525,-169.8104
3813,-158.7519,8.22893,-169.8524
3817,-158.5524,8.381662,-169.8838
3821,-158.3541,8.555367,-169.9108
3825,-157.2424,10.05833,-169.8556
3830,-157.0873,10.39518,-169.8223
3834,-156.9339,10.74592,-169.7854
3838,-156.767,11.10617,-169.7436
3842,-156.5828,11.48133,-169.692
3846,-156.3856,11.85914,-169.6367
3850,-156.1771,12.23485,-169.5756
3854,-155.9559,12.60976,-169.5112
3858,-155.7269,12.97226,-169.4396
3862,-155.4862,13.32835,-169.3592
3866,-155.2398,13.68246,-169.2695
3870,-154.9854,14.03311,-169.1812
3874,-154.7259,14.37914,-169.0877
3878,-154.4644,14.73567,-168.9934
3882,-154.2026,15.10803,-168.9004
3886,-153.9427,15.49215,-168.8102
3890,-153.6836,15.91155,-168.7133
3894,-153.4329,16.36246,-168.6183
3898,-153.1971,16.84918,-168.5148
3902,-152.975,17.37211,-168.4022
3906,-152.7819,17.93151,-168.2901
3910,-152.6221,18.52336,-168.1772
3914,-152.506,19.1336,-168.066
3918,-152.4231,19.76027,-167.9626
3922,-152.3735,20.38785,-167.8683
3926,-152.3425,21.0088,-167.7822
3930,-152.3213,21.62204,-167.7072
3934,-151.9194,24.67602,-167.3834
3939,-151.767,25.05281,-167.3318
3943,-151.6049,25.40367,-167.276
3947,-151.4382,25.74371,-167.2248
3951,-151.2699,26.0827,-167.1687
3955,-151.1081,26.42266,-167.1128
3959,-150.9557,26.77755,-167.0502
3963,-150.818,27.14821,-166.9861
3967,-150.6932,27.53442,-166.9161
3971,-150.5967,27.93521,-166.8524
3975,-150.521,28.3654,-166.7927
3979,-150.459,28.82215,-166.7322
3983,-150.412,29.30927,-166.6738
3987,-150.3819,29.83102,-166.6173
3991,-150.3604,30.38297,-166.5652
3995,-150.354,30.95683,-166.5182
3999,-150.3564,31.55234,-166.4787
4003,-150.354,32.16329,-166.4367
4007,-150.3481,32.77909,-166.3916
4011,-150.3166,33.40385,-166.3353
4015,-150.2564,34.01941,-166.2714
4019,-150.1612,34.62223,-166.2023
4023,-150.0214,35.20074,-166.1275
4027,-149.85,35.74676,-166.0459
4031,-149.6519,36.25994,-165.9593
4035,-149.4329,36.73421,-165.8634
4039,-149.1952,37.1726,-165.7508
4043,-147.7063,39.2387,-164.8742
4048,-147.4397,39.51711,-164.6962
4052,-147.1743,39.78769,-164.5195
4056,-146.905,40.05487,-164.3447
4060,-146.6426,40.33509,-164.1703
4064,-146.3845,40.63288,-164.0014
4068,-146.1388,40.95366,-163.8354
4072,-145.9062,41.30371,-163.6743
4076,-145.686,41.68109,-163.5184
4080,-145.4806,42.08018,-163.3786
4084,-145.2746,42.49059,-163.2482
4088,-145.0592,42.90493,-163.13
4092,-144.8339,43.31336,-163.0273
4096,-144.5991,43.70991,-162.9426
4100,-144.3515,44.09267,-162.8712
4104,-144.1031,44.4567,-162.8127
4108,-143.8445,44.79463,-162.7656
4112,-143.5805,45.09259,-162.7258
4116,-143.3182,45.35345,-162.6957
4120,-143.048,45.57433,-162.6684
4124,-142.7773,45.75996,-162.6456
4128,-142.5146,45.90147,-162.6231
4132,-142.2706,46.00373,-162.6084
4136,-142.0367,46.07566,-162.5782
4140,-141.8247,46.11596,-162.5506
4144,-141.6327,46.12712,-162.5161
4148,-141.4665,46.11234,-162.4842
4152,-140.7185,45.739,-162.3392
4157,-140.6205,45.68232,-162.3329
4161,-140.5428,45.62949,-162.3386
4165,-140.4882,45.58438,-162.3559
4169,-140.4454,45.54131,-162.3819
4173,-140.4186,45.50121,-162.418
4177,-140.4103,45.45817,-162.4681
4181,-140.4122,45.41588,-162.5225
4185,-140.4213,45.37046,-162.5815
4189,-140.4473,45.30869,-162.651
4193,-140.4749,45.23369,-162.7228
4197,-140.5132,45.13591,-162.7967
4201,-140.5517,45.01571,-162.8719
4205,-140.5948,44.87054,-162.9433
4209,-140.6413,44.69778,-163.0155
4213,-140.6959,44.49784,-163.0863
4217,-140.7576,44.27252,-163.1504
4221,-140.8311,44.01536,-163.2205
4225,-140.9128,43.73537,-163.2792
4229,-140.996,43.43071,-163.3361
4233,-141.0779,43.10311,-163.3853
4237,-141.1657,42.76154,-163.4303
4241,-141.2574,42.40144,-163.4758
4245,-141.3535,42.03265,-163.518
4249,-141.4591,41.65301,-163.56
4253,-141.5714,41.26289,-163.6042
4257,-141.6931,40.86612,-163.6501
4261,-142.5718,38.28244,-164.1226
4266,-142.7491,37.83651,-164.2318
4270,-142.9342,37.39001,-164.3463
4274,-143.1175,36.95175,-164.4631
4278,-143.303,36.51296,-164.5829
4282,-143.484,36.08212,-164.7003
4286,-143.6651,35.64904,-164.8206
4290,-143.8377,35.21463,-164.9328
4294,-144.0093,34.77684,-165.0442
4298,-144.1835,34.33213,-165.1535
4302,-144.3509,33.88528,-165.2558
4306,-144.5178,33.43433,-165.35
4310,-144.6878,32.97406,-165.4508
4314,-144.8545,32.51008,-165.5462
4318,-145.026,32.03519,-165.6415
4322,-145.203,31.5462,-165.7379
4326,-145.3833,31.04705,-165.8331
4330,-145.5652,30.53309,-165.9283
4334,-145.7453,30.0066,-166.0288
4338,-145.9286,29.46985,-166.1279
4342,-146.1113,28.92645,-166.227
4346,-146.3,28.38085,-166.3265
4350,-146.4897,27.83309,-166.4246
4354,-146.6819,27.29101,-166.5271
4358,-146.8797,26.7608,-166.6249
4362,-147.0846,26.24028,-166.7231
4366,-147.295,25.73741,-166.815
4370,-148.7619,23.194,-167.303
4375,-149.0641,22.8541,-167.3822
4379,-149.3729,22.52585,-167.4573
4383,-149.6955,22.21884,-167.5346
4387,-150.021,21.92319,-167.615
4391,-150.3528,21.64485,-167.6971
4395,-150.6785,21.37786,-167.7803
4399,-151.0098,21.12322,-167.8669
4403,-151.3471,20.8776,-167.958
4407,-151.6792,20.63803,-168.0555
4411,-152.0068,20.40166,-168.1533
4415,-152.326,20.16518,-168.2515
4419,-152.6352,19.92516,-168.3546
4423,-152.9341,19.688,-168.4531
4427,-153.2371,19.45538,-168.5573
4431,-153.537,19.23076,-168.6609
4435,-153.848,19.01153,-168.7713
4439,-154.159,18.81023,-168.8795
4443,-154.4758,18.62096,-168.9919
4447,-154.8048,18.44918,-169.1118
4451,-155.1381,18.30062,-169.2366
4455,-155.4761,18.17396,-169.3636
4459,-155.8222,18.07084,-169.4965
4463,-156.1844,17.9998,-169.6424
4467,-156.5515,17.95165,-169.7943
4471,-156.9205,17.92665,-169.9553
4475,-157.2837,17.92027,-170.1217
4479,-159.3876,17.95908,-171.2597
4484,-159.6946,17.93379,-171.4544
4488,-159.9799,17.89509,-171.6439
4492,-160.2408,17.83489,-171.8257
4496,-160.482,17.76921,-172.001
4500,-160.6938,17.68818,-172.163
4504,-160.8856,17.60537,-172.3178
4508,-161.0549,17.51557,-172.4626
4512,-161.2088,17.42061,-172.6018
4516,-161.3461,17.3268,-172.7305
4520,-161.4675,17.23481,-172.8524
4524,-161.5832,17.149,-172.9685
4528,-161.6886,17.06161,-173.0831
4532,-161.7884,16.98153,-173.1952
4536,-161.8768,16.89985,-173.302
4540,-161.9498,16.8208,-173.4057
4544,-162.0072,16.74042,-173.5035
4548,-162.0588,16.65608,-173.6046
4552,-162.0986,16.56735,-173.7009
4556,-162.1235,16.46314,-173.79
4560,-162.1373,16.34911,-173.8684
4564,-162.1325,16.21941,-173.9393
4568,-162.1089,16.0799,-173.9982
4572,-162.0741,15.92426,-174.0474
4576,-162.0247,15.75725,-174.0927
4580,-161.9637,15.58097,-174.1273
4584,-161.8951,15.39624,-174.1553
4588,-161.3943,14.46092,-174.2213
4593,-161.3198,14.37422,-174.2332
4597,-161.2511,14.31017,-174.2493
4601,-161.1957,14.27629,-174.2728
4605,-161.15,14.26187,-174.3014
4609,-161.1218,14.27747,-174.338
4613,-161.1104,14.31703,-174.3834
4617,-161.1134,14.37547,-174.4348
4621,-161.1261,14.45334,-174.4911
4625,-161.1462,14.54957,-174.5527
4629,-161.1651,14.66148,-174.6185
4633,-161.1838,14.78425,-174.686
4637,-161.1953,14.9174,-174.7545
4641,-161.2055,15.05722,-174.8181
4645,-161.2112,15.20408,-174.8798
4649,-161.21,15.35048,-174.9406
4653,-161.1969,15.50188,-174.9918
4657,-161.1637,15.65529,-175.0325
4661,-161.1142,15.80992,-175.0598
4665,-161.0486,15.97379,-175.0794
4669,-160.9699,16.14995,-175.0875
4673,-160.8856,16.33838,-175.0853
4677,-160.7955,16.53373,-175.077
4681,-160.6997,16.7413,-175.0582
4685,-160.609,16.95942,-175.0344
4689,-160.5267,17.19066,-175.002
4693,-160.4595,17.4434,-174.9641
4697,-160.4252,19.4122,-174.6952
4702,-160.4691,19.79031,-174.6567
4706,-160.5162,20.17329,-174.6218
4710,-160.5541,20.56253,-174.5806
4714,-160.5769,20.94792,-174.5374
4718,-160.573,21.33542,-174.4887
4722,-160.5359,21.72472,-174.4256
4726,-160.4593,22.09736,-174.3573
4730,-160.347,22.46187,-174.2787
4734,-160.1962,22.82,-174.1887
4738,-160.0109,23.17252,-174.0914
4742,-159.7841,23.51506,-173.9746
4746,-159.5213,23.84704,-173.843
4750,-159.2355,24.16245,-173.7041
4754,-158.9282,24.46085,-173.5508
4758,-158.6084,24.73936,-173.3894
4762,-158.2907,25.00121,-173.2191
4766,-157.9821,25.2504,-173.0407
4770,-157.6872,25.48941,-172.8624
4774,-157.4102,25.71988,-172.6813
4778,-157.1476,25.95176,-172.5055
4782,-156.9108,26.19633,-172.3394
4786,-156.7051,26.46523,-172.1816
4790,-156.5368,26.76346,-172.0327
4794,-156.403,27.0901,-171.8923
4798,-156.2938,27.44148,-171.7628
4802,-156.2072,27.81949,-171.636
4806,-155.7025,30.14666,-170.97
4811,-155.5207,30.51622,-170.849
4815,-155.2882,30.87832,-170.7097
4819,-155.0213,31.22884,-170.5538
4823,-154.7307,31.56361,-170.3927
4827,-154.4168,31.88792,-170.2174
4831,-154.1008,32.20406,-170.0376
4835,-153.7816,32.50944,-169.8461
4839,-153.4641,32.80708,-169.6512
4843,-153.1597,33.11327,-169.4598
4847,-152.8796,33.43997,-169.2685
4851,-152.6298,33.78784,-169.0829
4855,-152.4107,34.16228,-168.8944
4859,-152.2172,34.56555,-168.7045
4863,-152.0453,35.00684,-168.5132
4867,-151.9106,35.48338,-168.3342
4871,-151.8006,35.99237,-168.1529
4875,-151.7215,36.53452,-167.9754
4879,-151.6666,37.10528,-167.7932
4883,-151.6286,37.69139,-167.6078
4887,-151.6022,38.28602,-167.4269
4891,-151.576,38.87324,-167.2473
4895,-151.5327,39.43506,-167.0676
4899,-151.4624,39.96024,-166.8947
4903,-151.3452,40.42895,-166.7149
4907,-151.1719,40.84481,-166.5269
4911,-150.951,41.19973,-166.3284
4915,-148.6338,42.23047,-164.924
4920,-148.1754,42.28915,-164.6895
4924,-147.712,42.34567,-164.4529
4928,-147.2642,42.41525,-164.2251
4932,-146.8335,42.50679,-163.9996
4936,-146.4248,42.6315,-163.7824
4940,-146.044,42.78807,-163.5722
4944,-145.687,42.98161,-163.3612
4948,-145.3645,43.21398,-163.1572
4952,-145.0664,43.4863,-162.9473
4956,-144.7922,43.7971,-162.7395
4960,-144.5415,44.14803,-162.525
4964,-144.3148,44.53047,-162.3111
4968,-144.1106,44.93164,-162.1021
4972,-143.9171,45.33615,-161.8985
4976,-143.7291,45.73254,-161.7065
4980,-143.5354,46.1016,-161.5325
4984,-143.3204,46.43259,-161.3696
4988,-143.0836,46.71487,-161.2258
4992,-142.8224,46.93809,-161.0963
4996,-142.5228,47.08844,-160.9763
5000,-142.1869,47.16854,-160.8623
5004,-141.8156,47.17177,-160.7498
5008,-141.4164,47.11327,-160.6412
5012,-140.9952,46.99995,-160.5411
5016,-140.5748,46.83545,-160.4676
5020,-140.1675,46.63628,-160.4161
5024,-137.8001,45.3563,-160.027
5029,-137.4791,45.23707,-159.9732
5033,-137.1936,45.15433,-159.9161
5037,-136.938,45.10031,-159.8564
5041,-136.7065,45.07994,-159.7887
5045,-136.5116,45.09082,-159.7159
5049,-136.3451,45.13288,-159.642
5053,-136.211,45.19557,-159.5657
5057,-136.101,45.27688,-159.4838
5061,-136.0279,45.36495,-159.4121
5065,-135.9766,45.45512,-159.3416
5069,-135.9502,45.54477,-159.275
5073,-135.9505,45.62693,-159.2246
5077,-135.9699,45.70447,-159.1856
5081,-136.0021,45.76817,-159.1551
5085,-136.0534,45.82126,-159.1469
5089,-136.1122,45.86862,-159.1532
5093,-136.1779,45.89794,-159.1752
5097,-136.2571,45.91123,-159.2234
5101,-136.3379,45.89861,-159.2885
5105,-136.4293,45.86597,-159.38
5109,-136.516,45.80736,-159.4851
5113,-136.6048,45.72231,-159.6113
5117,-136.7012,45.61615,-159.7546
5121,-136.7928,45.48887,-159.909
5125,-136.8893,45.34681,-160.072
5129,-136.9946,45.19096,-160.245
5133,-137.6306,44.12924,-161.3056
5138,-137.7517,43.94834,-161.4729
5142,-137.8755,43.76503,-161.6298
5146,-138.0078,43.5859,-161.784
5150,-138.1528,43.40948,-161.9341
5154,-138.2955,43.23265,-162.0706
5158,-138.4493,43.06385,-162.2039
5162,-138.6062,42.8969,-162.3292
5166,-138.7708,42.73347,-162.4557
5170,-138.9368,42.57294,-162.5729
5174,-139.1127,42.41782,-162.6915
5178,-139.2911,42.26826,-162.8081
5182,-139.4708,42.11605,-162.9218
5186,-139.6566,41.9726,-163.0378
5190,-139.8499,41.82704,-163.1611
5194,-140.0325,41.68827,-163.2764
5198,-140.2135,41.54864,-163.3947
5202,-140.3836,41.41028,-163.5112
5206,-140.5518,41.26682,-163.6284
5210,-140.7134,41.12976,-163.7475
5214,-140.872,40.99061,-163.8656
5218,-141.0293,40.84919,-163.9836
5222,-141.1779,40.70587,-164.0981
5226,-141.3282,40.56054,-164.2175
5230,-141.4673,40.41087,-164.3257
5234,-141.603,40.26501,-164.4304
5238,-141.7357,40.12077,-164.5289
5242,-142.5441,39.32082,-164.9766
5247,-142.6886,39.19416,-165.0349
5251,-142.829,39.07024,-165.0861
5255,-142.9723,38.95791,-165.1339
5259,-143.1296,38.8568,-165.1825
5263,-143.2996,38.75908,-165.2384
5267,-143.4687,38.67217,-165.2896
5271,-143.6415,38.58589,-165.3416
5275,-143.8162,38.51064,-165.3939
5279,-143.9921,38.44007,-165.4447
5283,-144.1683,38.37783,-165.5001
5287,-144.3373,38.3255,-165.545
5291,-144.5064,38.2773,-165.5921
5295,-144.669,38.23229,-165.6354
5299,-144.8279,38.19011,-165.6722
5303,-144.9871,38.14999,-165.7084
5307,-145.1557,38.11605,-165.7456
5311,-145.3261,38.08265,-165.7756
5315,-145.4941,38.05326,-165.8032
5319,-145.6648,38.02341,-165.8278
5323,-145.8348,38.00031,-165.846
5327,-146.0022,37.97548,-165.8637
5331,-146.1607,37.95384,-165.873
5335,-146.3204,37.93325,-165.8861
5339,-146.4661,37.91253,-165.8901
5343,-146.6115,37.89384,-165.8971
5347,-146.7434,37.86978,-165.8969
5351,-147.4452,37.74603,-165.8891
5356,-147.5448,37.72079,-165.8924
5360,-147.6422,37.68861,-165.897
5364,-147.7304,37.65597,-165.8983
5368,-147.8136,37.61671,-165.9036
5372,-147.8901,37.57708,-165.9104
5376,-147.9608,37.53396,-165.92
5380,-148.0182,37.4897,-165.9249
5384,-148.0658,37.44124,-165.9314
5388,-148.1123,37.39174,-165.9339
5392,-148.1546,37.34354,-165.9382
5396,-148.196,37.29847,-165.9412
5400,-148.239,37.25661,-165.9476
5404,-148.2816,37.21257,-165.9544
5408,-148.3232,37.17366,-165.963
